filename,U_x,D_x,U_y,D_y,diameter_px,U_adjusted,D_adjusted,labeling_time_sec
p10_det_002_crop_0.png,288.0,275.0,199.0,211.0,17.69,0.0,0.0,0.42
p10_det_004_crop_0.png,303.0,286.0,166.0,187.0,27.02,0.0,0.0,0.15
p10_det_004_crop_1.png,302.0,284.0,168.0,180.0,21.63,0.0,0.0,0.17
p10_det_005_crop_0.png,304.0,288.0,168.0,184.0,22.63,0.0,0.0,0.48
p10_det_005_crop_1.png,277.0,265.0,183.0,199.0,20.0,0.0,0.0,0.63
p10_det_006_crop_1.png,283.0,271.0,190.0,200.0,15.62,0.0,0.0,4.23
p10_det_007_crop_1.png,288.0,268.0,171.0,214.0,47.42,0.0,0.0,1.22
p10_det_009_crop_1.png,262.0,265.0,189.0,209.0,20.22,0.0,0.0,0.81
p10_det_010_crop_0.png,241.0,241.0,168.0,189.0,21.0,0.0,0.0,1.12
p10_det_010_crop_1.png,284.0,275.0,198.0,209.0,14.21,0.0,0.0,1.17
p10_det_010_crop_2.png,290.0,285.0,189.0,211.0,22.56,0.0,0.0,0.88
p10_det_011_crop_0.png,233.0,241.0,173.0,189.0,17.89,0.0,0.0,1.97
p10_det_011_crop_1.png,290.0,281.0,199.0,208.0,12.73,0.0,0.0,0.91
p10_det_011_crop_2.png,295.0,286.0,196.0,213.0,19.24,0.0,0.0,0.88
p10_det_014_crop_2.png,278.0,265.0,217.0,232.0,19.85,0.0,0.0,0.8
p10_det_023_crop_0.png,249.0,249.0,178.0,202.0,24.0,0.0,0.0,1.75
p10_det_023_crop_1.png,228.0,243.0,181.0,196.0,21.21,0.0,0.0,0.52
p10_det_023_crop_2.png,245.0,254.0,184.0,201.0,19.24,0.0,0.0,0.68
p10_det_024_crop_0.png,250.0,252.0,175.0,204.0,29.07,0.0,0.0,9.52
p10_det_024_crop_1.png,251.0,257.0,181.0,196.0,16.16,0.0,0.0,5.9
p10_det_024_crop_2.png,230.0,246.0,176.0,196.0,25.61,0.0,0.0,4.31
p10_det_024_crop_4.png,264.0,264.0,162.0,179.0,17.0,0.0,0.0,7.13
p10_det_025_crop_1.png,237.0,244.0,184.0,201.0,18.38,0.0,0.0,2.63
p10_det_026_crop_1.png,235.0,247.0,195.0,207.0,16.97,0.0,0.0,15.24
p10_det_026_crop_2.png,259.0,259.0,195.0,214.0,19.0,0.0,0.0,4.81
p10_det_028_crop_1.png,234.0,234.0,199.0,224.0,25.0,0.0,0.0,9.45
p10_det_028_crop_2.png,225.0,240.0,198.0,212.0,20.52,0.0,0.0,1.97
p10_det_028_crop_3.png,224.0,236.0,205.0,223.0,21.63,0.0,0.0,3.08
p10_det_030_crop_0.png,278.0,270.0,232.0,242.0,12.81,0.0,0.0,4.89
p10_det_030_crop_2.png,277.0,269.0,223.0,231.0,11.31,0.0,0.0,5.18
p10_det_034_crop_0.png,247.0,250.0,153.0,179.0,26.17,0.0,0.0,4.47
p10_det_035_crop_0.png,260.0,260.0,149.0,175.0,26.0,0.0,0.0,2.36
p10_det_035_crop_1.png,243.0,250.0,218.0,248.0,30.81,0.0,1.0,32.95
p10_det_035_crop_3.png,244.0,252.0,237.0,248.0,13.6,0.0,0.0,6.61
p10_det_036_crop_0.png,222.0,238.0,167.0,191.0,28.84,0.0,0.0,4.36
p10_det_036_crop_1.png,254.0,254.0,185.0,211.0,26.0,0.0,0.0,2.08
p10_det_036_crop_2.png,261.0,259.0,188.0,205.0,17.12,0.0,0.0,2.45
p10_det_037_crop_0.png,263.0,259.0,156.0,183.0,27.29,0.0,0.0,3.78
p10_det_037_crop_1.png,263.0,263.0,187.0,207.0,20.0,0.0,0.0,4.35
p11_det_001.png,233.0,231.0,154.0,191.0,37.05,0.0,0.0,4.08
p11_det_002.png,238.0,244.0,121.0,158.0,37.48,1.0,0.0,14.46
p11_det_003.png,256.0,258.0,123.0,159.0,36.06,1.0,0.0,34.76
p11_det_004.png,253.0,248.0,109.0,155.0,46.27,1.0,1.0,17.71
p11_det_005.png,250.0,258.0,166.0,194.0,29.12,0.0,0.0,7.01
p11_det_008_crop_0.png,265.0,258.0,161.0,194.0,33.73,0.0,0.0,9.03
p11_det_008_crop_1.png,283.0,275.0,191.0,211.0,21.54,0.0,0.0,6.38
p11_det_008_crop_2.png,273.0,262.0,170.0,199.0,31.02,0.0,0.0,3.44
p11_det_009_crop_0.png,259.0,252.0,160.0,191.0,31.78,0.0,0.0,6.56
p11_det_009_crop_1.png,283.0,276.0,192.0,211.0,20.25,0.0,0.0,2.11
p11_det_009_crop_2.png,278.0,263.0,176.0,199.0,27.46,0.0,0.0,6.85
p11_det_010_crop_0.png,264.0,255.0,160.0,200.0,41.0,0.0,0.0,4.04
p11_det_010_crop_2.png,298.0,279.0,161.0,187.0,32.2,0.0,0.0,1.46
p11_det_011_crop_0.png,256.0,263.0,187.0,215.0,28.86,0.0,0.0,2.93
p11_det_011_crop_6.png,275.0,263.0,169.0,228.0,60.21,1.0,1.0,11.92
p11_det_012_crop_6.png,321.0,302.0,162.0,189.0,33.02,0.0,0.0,8.7
p11_det_013_crop_0.png,283.0,274.0,171.0,198.0,28.46,0.0,0.0,2.39
p11_det_013_crop_1.png,307.0,294.0,178.0,202.0,27.29,0.0,0.0,1.76
p11_det_013_crop_3.png,251.0,260.0,183.0,204.0,22.85,0.0,0.0,1.71
p11_det_013_crop_4.png,291.0,281.0,152.0,188.0,37.36,0.0,0.0,1.29
p11_det_014_crop_0.png,266.0,262.0,160.0,195.0,35.23,0.0,0.0,1.07
p11_det_014_crop_6.png,269.0,273.0,165.0,195.0,30.27,0.0,0.0,1.2
p11_det_015_crop_0.png,298.0,279.0,186.0,200.0,23.6,0.0,0.0,2.73
p11_det_015_crop_3.png,306.0,289.0,181.0,195.0,22.02,0.0,0.0,4.15
p11_det_015_crop_4.png,282.0,285.0,163.0,186.0,23.19,0.0,0.0,3.04
p11_det_015_crop_7.png,270.0,252.0,168.0,192.0,30.0,0.0,0.0,1.39
p11_det_016_crop_2.png,296.0,289.0,154.0,181.0,27.89,0.0,0.0,0.72
p11_det_016_crop_4.png,290.0,277.0,171.0,193.0,25.55,0.0,0.0,8.99
p11_det_016_crop_8.png,290.0,276.0,170.0,199.0,32.2,0.0,0.0,7.67
p11_det_017_crop_1.png,314.0,287.0,194.0,209.0,30.89,0.0,0.0,0.16
p11_det_017_crop_4.png,289.0,287.0,158.0,186.0,28.07,0.0,0.0,3.0
p11_det_017_crop_8.png,306.0,296.0,171.0,196.0,26.93,0.0,0.0,2.42
p11_det_018_crop_1.png,303.0,287.0,184.0,205.0,26.4,0.0,0.0,1.61
p11_det_018_crop_5.png,295.0,286.0,162.0,190.0,29.41,0.0,0.0,1.69
p11_det_019_crop_0.png,279.0,267.0,158.0,193.0,37.0,0.0,0.0,1.23
p11_det_019_crop_1.png,254.0,254.0,127.0,164.0,37.0,0.0,0.0,7.29
p11_det_020_crop_0.png,293.0,275.0,163.0,192.0,34.13,0.0,0.0,4.37
p11_det_020_crop_1.png,274.0,269.0,123.0,156.0,33.38,0.0,0.0,1.52
p11_det_020_crop_6.png,286.0,277.0,201.0,222.0,22.85,0.0,0.0,1.83
p11_det_021_crop_0.png,298.0,292.0,167.0,189.0,22.8,0.0,0.0,0.31
p11_det_021_crop_2.png,280.0,275.0,179.0,210.0,31.4,0.0,0.0,0.16
p11_det_021_crop_6.png,235.0,245.0,137.0,162.0,26.93,0.0,0.0,0.14
p11_det_021_crop_8.png,301.0,292.0,146.0,171.0,26.57,0.0,0.0,2.44
p11_det_022_crop_0.png,304.0,291.0,167.0,187.0,23.85,0.0,0.0,0.16
p11_det_022_crop_4.png,282.0,278.0,125.0,152.0,27.29,0.0,0.0,0.16
p11_det_022_crop_6.png,257.0,247.0,128.0,159.0,32.57,0.0,0.0,0.49
p11_det_022_crop_7.png,301.0,298.0,141.0,166.0,25.18,0.0,0.0,0.55
p11_det_023_crop_6.png,269.0,263.0,140.0,175.0,35.51,0.0,0.0,0.35
p11_det_024_crop_6.png,286.0,280.0,133.0,170.0,37.48,0.0,0.0,0.32
p11_det_025_crop_4.png,288.0,280.0,136.0,171.0,35.9,0.0,0.0,0.32
p11_det_026_crop_3.png,279.0,275.0,133.0,167.0,34.23,0.0,0.0,0.34
p11_det_030_crop_2.png,248.0,250.0,142.0,179.0,37.05,0.0,0.0,0.37
p11_det_030_crop_5.png,235.0,240.0,152.0,179.0,27.46,0.0,0.0,0.37
p11_det_031_crop_0.png,238.0,249.0,152.0,179.0,29.15,0.0,0.0,0.38
p11_det_031_crop_2.png,255.0,255.0,140.0,174.0,34.0,0.0,0.0,0.19
p11_det_033_crop_0.png,199.0,217.0,149.0,185.0,40.25,0.0,0.0,0.16
p11_det_034_crop_0.png,203.0,219.0,150.0,185.0,38.48,0.0,0.0,0.19
p11_det_036_crop_3.png,295.0,273.0,121.0,153.0,38.83,0.0,0.0,0.17
p11_det_037_crop_3.png,258.0,260.0,147.0,179.0,32.06,0.0,0.0,0.2
p11_det_038_crop_5.png,234.0,238.0,173.0,206.0,33.24,0.0,0.0,0.17
p11_det_039_crop_8.png,254.0,239.0,125.0,153.0,31.76,0.0,0.0,0.18
p11_det_041_crop_1.png,213.0,228.0,164.0,182.0,23.43,0.0,0.0,0.13
p11_det_043_crop_4.png,234.0,234.0,186.0,219.0,33.0,0.0,0.0,0.73
p11_det_044_crop_0.png,207.0,222.0,169.0,193.0,28.3,0.0,0.0,0.17
p11_det_044_crop_2.png,218.0,232.0,150.0,177.0,30.41,0.0,0.0,0.17
p11_det_045_crop_4.png,214.0,228.0,214.0,242.0,31.3,0.0,0.0,0.32
p11_det_046_crop_2.png,281.0,266.0,162.0,183.0,25.81,0.0,0.0,0.16
p12_det_001_crop_0.png,266.0,266.0,183.0,203.0,20.0,0.0,0.0,0.19
p12_det_004_crop_3.png,294.0,280.0,180.0,218.0,40.5,0.0,0.0,1.64
p12_det_004_crop_4.png,316.0,294.0,192.0,208.0,27.2,0.0,0.0,2.75
p12_det_007_crop_0.png,262.0,267.0,163.0,189.0,26.48,0.0,0.0,0.61
p12_det_008_crop_0.png,257.0,264.0,174.0,190.0,17.46,0.0,0.0,0.34
p12_det_008_crop_2.png,225.0,233.0,209.0,223.0,16.12,0.0,0.0,49.81
p12_det_012_crop_0.png,294.0,275.0,175.0,200.0,31.4,0.0,0.0,0.49
p12_det_012_crop_2.png,276.0,274.0,157.0,186.0,29.07,0.0,0.0,0.47
p12_det_018_crop_3.png,290.0,265.0,208.0,239.0,39.82,0.0,0.0,0.21
p12_det_020_crop_0.png,296.0,276.0,181.0,199.0,26.91,0.0,0.0,1.62
p12_det_021_crop_0.png,296.0,286.0,181.0,199.0,20.59,0.0,0.0,2.34
p12_det_022_crop_1.png,324.0,297.0,204.0,234.0,40.36,0.0,0.0,1.71
p12_det_026_crop_0.png,240.0,250.0,191.0,201.0,14.14,0.0,0.0,1.48
p12_det_026_crop_1.png,186.0,189.0,188.0,216.0,28.16,0.0,0.0,28.66
p13_det_001_crop_0.png,262.0,252.0,197.0,217.0,22.36,0.0,0.0,6.67
p13_det_003_crop_2.png,267.0,265.0,205.0,227.0,22.09,0.0,0.0,28.99
p13_det_004_crop_0.png,252.0,262.0,211.0,231.0,22.36,0.0,0.0,4.24
p13_det_004_crop_5.png,232.0,236.0,177.0,202.0,25.32,0.0,0.0,9.23
p13_det_006_crop_0.png,224.0,244.0,171.0,187.0,25.61,0.0,0.0,6.07
p13_det_006_crop_1.png,287.0,275.0,161.0,175.0,18.44,0.0,0.0,2.18
p13_det_006_crop_2.png,252.0,248.0,182.0,213.0,31.26,0.0,0.0,3.92
p13_det_006_crop_4.png,291.0,281.0,163.0,190.0,28.79,0.0,0.0,7.09
p13_det_006_crop_5.png,247.0,239.0,148.0,175.0,28.16,0.0,0.0,1.75
p13_det_008_crop_4.png,222.0,223.0,194.0,234.0,40.01,1.0,1.0,15.55
p13_det_013_crop_1.png,261.0,261.0,208.0,221.0,13.0,0.0,0.0,4.57
p13_det_013_crop_5.png,270.0,251.0,259.0,279.0,27.59,0.0,0.0,3.74
p13_det_015_crop_1.png,286.0,271.0,231.0,240.0,17.49,0.0,0.0,6.04
p13_det_015_crop_2.png,284.0,268.0,189.0,209.0,25.61,0.0,0.0,3.85
p13_det_019_crop_0.png,280.0,274.0,210.0,220.0,11.66,0.0,0.0,1.81
p13_det_019_crop_2.png,292.0,278.0,188.0,204.0,21.26,0.0,0.0,3.85
p13_det_020_crop_0.png,273.0,267.0,210.0,224.0,15.23,0.0,0.0,1.63
p13_det_023_crop_0.png,276.0,276.0,224.0,240.0,16.0,0.0,0.0,1.28
p14_det_005_crop_1.png,226.0,244.0,228.0,248.0,26.91,0.0,0.0,10.05
p14_det_020_crop_0.png,268.0,270.0,167.0,196.0,29.07,0.0,0.0,1.63
p14_det_024_crop_0.png,251.0,251.0,189.0,212.0,23.0,0.0,0.0,4.23
p14_det_024_crop_1.png,232.0,241.0,185.0,199.0,16.64,0.0,0.0,13.88
p14_det_025_crop_0.png,246.0,246.0,177.0,206.0,29.0,0.0,0.0,7.91
p14_det_025_crop_1.png,233.0,247.0,168.0,192.0,27.78,0.0,0.0,10.07
p14_det_026_crop_0.png,255.0,263.0,181.0,195.0,16.12,0.0,0.0,3.62
p15_det_001.png,257.0,262.0,140.0,176.0,36.35,0.0,0.0,2.4
p15_det_002.png,256.0,246.0,147.0,171.0,26.0,0.0,0.0,1.2
p15_det_002_crop_3.png,207.0,219.0,158.0,174.0,20.0,0.0,0.0,3.08
p15_det_002_crop_6.png,299.0,287.0,178.0,210.0,34.18,0.0,0.0,10.16
p15_det_003.png,252.0,239.0,112.0,137.0,28.18,0.0,0.0,4.23
p15_det_003_crop_0.png,232.0,238.0,145.0,168.0,23.77,0.0,0.0,1.56
p15_det_003_crop_1.png,285.0,279.0,192.0,206.0,15.23,0.0,0.0,3.55
p15_det_003_crop_5.png,289.0,281.0,183.0,199.0,17.89,0.0,0.0,1.29
p15_det_004.png,250.0,240.0,147.0,172.0,26.93,0.0,0.0,1.25
p15_det_005.png,283.0,287.0,175.0,200.0,25.32,0.0,0.0,2.89
p15_det_005_crop_0.png,283.0,275.0,177.0,190.0,15.26,0.0,0.0,1.4
p15_det_006.png,245.0,245.0,157.0,177.0,20.0,0.0,0.0,6.84
p15_det_007.png,256.0,260.0,163.0,177.0,14.56,0.0,0.0,2.23
p15_det_007_crop_0.png,293.0,282.0,155.0,184.0,31.02,0.0,0.0,3.56
p15_det_007_crop_1.png,303.0,281.0,174.0,190.0,27.2,0.0,0.0,1.76
p15_det_008.png,235.0,229.0,104.0,133.0,29.61,0.0,0.0,2.22
p15_det_008_crop_0.png,296.0,284.0,169.0,185.0,20.0,0.0,0.0,2.12
p15_det_008_crop_1.png,290.0,282.0,165.0,187.0,23.41,0.0,0.0,2.02
p15_det_008_crop_2.png,296.0,276.0,160.0,186.0,32.8,0.0,0.0,1.56
p15_det_009.png,251.0,236.0,88.0,117.0,32.65,0.0,0.0,9.71
p15_det_009_crop_0.png,297.0,271.0,182.0,218.0,44.41,0.0,0.0,1.43
p15_det_009_crop_2.png,292.0,280.0,192.0,218.0,28.64,0.0,0.0,1.35
p15_det_010.png,270.0,276.0,113.0,131.0,18.97,0.0,0.0,1.19
p15_det_010_crop_0.png,297.0,287.0,210.0,228.0,20.59,0.0,0.0,2.44
p15_det_010_crop_2.png,310.0,293.0,187.0,209.0,27.8,0.0,0.0,1.47
p15_det_010_crop_3.png,306.0,288.0,174.0,201.0,32.45,0.0,0.0,1.53
p15_det_011.png,291.0,278.0,125.0,154.0,31.78,0.0,0.0,3.67
p15_det_011_crop_1.png,300.0,287.0,219.0,234.0,19.85,0.0,0.0,2.66
p15_det_011_crop_2.png,301.0,286.0,166.0,200.0,37.16,0.0,0.0,2.86
p15_det_011_crop_3.png,316.0,296.0,188.0,207.0,27.59,0.0,0.0,1.27
p15_det_012.png,282.0,273.0,117.0,152.0,36.14,0.0,0.0,6.45
p15_det_012_crop_1.png,306.0,290.0,222.0,230.0,17.89,0.0,0.0,4.05
p15_det_012_crop_2.png,316.0,294.0,204.0,228.0,32.56,0.0,0.0,3.14
p15_det_013.png,312.0,288.0,132.0,152.0,31.24,0.0,0.0,3.16
p15_det_013_crop_0.png,293.0,278.0,214.0,232.0,23.43,0.0,0.0,7.12
p15_det_013_crop_2.png,300.0,288.0,221.0,230.0,15.0,0.0,0.0,1.62
p15_det_013_crop_3.png,312.0,290.0,202.0,224.0,31.11,0.0,0.0,1.27
p15_det_014.png,295.0,280.0,128.0,154.0,30.02,0.0,0.0,3.27
p15_det_014_crop_0.png,293.0,277.0,184.0,206.0,27.2,0.0,0.0,1.38
p15_det_014_crop_1.png,267.0,269.0,167.0,197.0,30.07,0.0,0.0,2.47
p15_det_014_crop_2.png,283.0,273.0,201.0,222.0,23.26,0.0,0.0,1.18
p15_det_014_crop_4.png,288.0,275.0,190.0,210.0,23.85,0.0,0.0,3.9
p15_det_014_crop_5.png,293.0,268.0,179.0,198.0,31.4,0.0,0.0,8.77
p15_det_015.png,300.0,288.0,132.0,156.0,26.83,0.0,0.0,4.78
p15_det_015_crop_0.png,292.0,281.0,214.0,229.0,18.6,0.0,0.0,1.71
p15_det_015_crop_1.png,292.0,280.0,177.0,208.0,33.24,0.0,0.0,1.66
p15_det_015_crop_3.png,316.0,294.0,194.0,229.0,41.34,1.0,0.0,21.92
p15_det_015_crop_4.png,312.0,294.0,223.0,233.0,20.59,0.0,0.0,5.53
p15_det_016.png,297.0,286.0,107.0,130.0,25.5,0.0,0.0,8.1
p15_det_016_crop_1.png,299.0,287.0,212.0,230.0,21.63,0.0,0.0,1.99
p15_det_016_crop_2.png,317.0,289.0,210.0,228.0,33.29,0.0,0.0,10.62
p15_det_017_crop_0.png,305.0,307.0,160.0,194.0,34.06,0.0,0.0,4.19
p15_det_017_crop_2.png,297.0,290.0,211.0,236.0,25.96,0.0,0.0,5.7
p15_det_017_crop_3.png,304.0,291.0,209.0,235.0,29.07,0.0,0.0,1.27
p15_det_018_crop_0.png,281.0,267.0,185.0,217.0,34.93,0.0,0.0,6.06
p15_det_018_crop_1.png,270.0,266.0,174.0,198.0,24.33,0.0,0.0,1.95
p15_det_018_crop_3.png,306.0,295.0,187.0,199.0,16.28,0.0,0.0,2.79
p15_det_027_crop_0.png,280.0,268.0,172.0,203.0,33.24,0.0,0.0,3.92
p15_det_027_crop_1.png,271.0,267.0,176.0,201.0,25.32,0.0,0.0,1.38
p15_det_028_crop_0.png,285.0,279.0,157.0,193.0,36.5,0.0,0.0,3.16
p15_det_028_crop_1.png,280.0,266.0,167.0,198.0,34.01,0.0,0.0,5.61
p15_det_029_crop_0.png,293.0,284.0,158.0,186.0,29.41,0.0,0.0,2.33
p15_det_031_crop_0.png,267.0,267.0,176.0,203.0,27.0,0.0,0.0,1.72
p15_det_033_crop_1.png,275.0,275.0,184.0,204.0,20.0,0.0,0.0,2.0
p15_det_034_crop_1.png,274.0,274.0,190.0,205.0,15.0,0.0,0.0,1.18
p15_det_034_crop_3.png,278.0,270.0,186.0,217.0,32.0156,0.0,0.0,1.26
p15_det_035_crop_0.png,275.0,279.0,190.0,210.0,20.4,0.0,0.0,6.98
p15_det_035_crop_2.png,263.0,263.0,165.0,187.0,22.0,0.0,0.0,1.74
p15_det_035_crop_4.png,268.0,268.0,186.0,216.0,30.0,0.0,0.0,1.08
p15_det_037_crop_0.png,278.0,269.0,181.0,206.0,26.5707,1.0,0.0,16.0
p15_det_038_crop_7.png,272.0,262.0,164.0,178.0,17.2,0.0,0.0,2.27
p15_det_040_crop_2.png,268.0,268.0,185.0,199.0,14.0,0.0,0.0,1.55
p15_det_041_crop_2.png,267.0,269.0,181.0,197.0,16.12,0.0,0.0,4.0
p15_det_041_crop_3.png,269.0,267.0,186.0,205.0,19.1,0.0,0.0,1.09
p15_det_043_crop_4.png,270.0,276.0,177.0,195.0,18.97,0.0,0.0,1.88
p15_det_044_crop_0.png,261.0,261.0,183.0,201.0,18.0,0.0,0.0,1.11
p15_det_049_crop_2.png,246.0,246.0,178.0,198.0,20.0,0.0,0.0,3.23
p15_det_051_crop_5.png,290.0,279.0,216.0,236.0,22.83,0.0,0.0,3.19
p15_det_052_crop_0.png,301.0,284.0,169.0,188.0,25.5,0.0,0.0,1.67
p15_det_055_crop_0.png,258.0,260.0,185.0,205.0,20.1,0.0,0.0,1.51
p15_det_056_crop_2.png,264.0,264.0,194.0,220.0,26.0,0.0,0.0,3.61
p15_det_059_crop_1.png,256.0,258.0,181.0,210.0,29.07,0.0,0.0,4.26
p15_det_060_crop_2.png,253.0,255.0,183.0,208.0,25.08,0.0,0.0,1.71
p15_det_071_crop_2.png,255.0,249.0,201.0,228.0,27.66,0.0,0.0,8.45
p15_det_077_crop_2.png,260.0,263.0,153.0,176.0,23.19,0.0,0.0,6.88
p15_det_078_crop_2.png,255.0,260.0,151.0,180.0,29.43,0.0,0.0,1.76
p15_det_083_crop_0.png,261.0,261.0,173.0,200.0,27.0,0.0,0.0,1.91
p15_det_097_crop_0.png,246.0,246.0,134.0,171.0,37.0,0.0,0.0,2.03
p15_det_105_crop_1.png,279.0,277.0,164.0,188.0,24.08,0.0,0.0,2.24
p15_det_108_crop_0.png,302.0,282.0,185.0,201.0,25.61,0.0,0.0,1.98
p15_det_119_crop_2.png,236.0,246.0,194.0,211.0,19.72,0.0,0.0,1.84
p15_det_119_crop_6.png,204.0,218.0,219.0,238.0,23.6,0.0,0.0,1.78
p16_det_001.png,187.0,203.0,190.0,202.0,20.0,0.0,0.0,4.85
p16_det_001_crop_2.png,263.0,254.0,146.0,185.0,40.025,0.0,0.0,5.83
p16_det_002.png,186.0,203.0,178.0,193.0,22.67,0.0,0.0,2.47
p16_det_002_crop_0.png,188.0,202.0,175.0,193.0,22.8,0.0,0.0,1.43
p16_det_002_crop_2.png,267.0,275.0,132.0,170.0,38.83,1.0,0.0,15.11
p16_det_003.png,256.0,260.0,177.0,210.0,33.24,0.0,0.0,3.97
p16_det_003_crop_0.png,282.0,274.0,147.0,178.0,32.02,0.0,0.0,1.77
p16_det_003_crop_1.png,271.0,268.0,156.0,192.0,36.12,1.0,0.0,9.31
p16_det_004.png,183.0,201.0,175.0,189.0,22.8,0.0,0.0,2.38
p16_det_004_crop_0.png,229.0,231.0,159.0,196.0,37.05,0.0,0.0,2.37
p16_det_005.png,188.0,206.0,185.0,195.0,20.59,0.0,0.0,1.7
p16_det_005_crop_0.png,252.0,255.0,150.0,181.0,31.14,0.0,0.0,1.55
p16_det_005_crop_3.png,253.0,251.0,153.0,180.0,27.07,0.0,0.0,3.04
p16_det_005_crop_6.png,200.0,202.0,162.0,191.0,29.07,0.0,0.0,2.49
p16_det_006.png,223.0,232.0,197.0,207.0,13.45,0.0,0.0,1.87
p16_det_007_crop_1.png,249.0,251.0,154.0,188.0,34.06,0.0,0.0,1.42
p16_det_007_crop_4.png,250.0,252.0,148.0,169.0,21.1,0.0,0.0,1.48
p16_det_008.png,254.0,258.0,176.0,200.0,24.33,0.0,0.0,1.95
p16_det_008_crop_0.png,250.0,252.0,152.0,184.0,32.06,1.0,0.0,16.67
p16_det_008_crop_2.png,253.0,251.0,153.0,180.0,27.07,0.0,0.0,1.1
p16_det_008_crop_4.png,212.0,209.0,167.0,202.0,35.13,0.0,0.0,3.14
p16_det_009.png,326.0,307.0,183.0,194.0,21.95,0.0,0.0,10.54
p16_det_009_crop_0.png,264.0,266.0,162.0,194.0,32.06,1.0,0.0,21.43
p16_det_009_crop_1.png,219.0,238.0,164.0,197.0,38.08,0.0,0.0,1.63
p16_det_009_crop_4.png,281.0,273.0,150.0,174.0,25.3,0.0,0.0,2.19
p16_det_009_crop_5.png,279.0,275.0,140.0,161.0,21.38,0.0,0.0,1.6
p16_det_010.png,334.0,315.0,191.0,202.0,21.95,0.0,0.0,4.43
p16_det_010_crop_1.png,289.0,274.0,157.0,184.0,30.89,0.0,0.0,2.69
p16_det_010_crop_11.png,239.0,243.0,135.0,158.0,23.35,0.0,0.0,1.98
p16_det_010_crop_5.png,258.0,258.0,146.0,177.0,31.0,0.0,0.0,1.46
p16_det_010_crop_7.png,244.0,247.0,185.0,208.0,23.19,0.0,0.0,2.76
p16_det_011.png,252.0,256.0,168.0,193.0,25.32,0.0,0.0,1.57
p16_det_011_crop_0.png,249.0,267.0,138.0,175.0,41.15,0.0,0.0,2.32
p16_det_012.png,292.0,274.0,154.0,173.0,26.17,0.0,0.0,5.49
p16_det_012_crop_0.png,262.0,262.0,160.0,187.0,27.0,0.0,0.0,11.15
p16_det_013.png,287.0,263.0,141.0,163.0,32.56,0.0,0.0,3.0
p16_det_013_crop_1.png,251.0,253.0,173.0,194.0,21.1,0.0,0.0,1.37
p16_det_013_crop_14.png,242.0,228.0,161.0,182.0,25.24,0.0,0.0,2.11
p16_det_013_crop_5.png,257.0,257.0,162.0,203.0,41.0,0.0,0.0,5.02
p16_det_014.png,293.0,275.0,209.0,238.0,34.13,0.0,0.0,1.82
p16_det_014_crop_0.png,258.0,266.0,134.0,160.0,27.2,0.0,0.0,1.47
p16_det_015.png,251.0,255.0,171.0,197.0,26.31,0.0,0.0,1.42
p16_det_015_crop_1.png,281.0,276.0,167.0,183.0,16.76,0.0,0.0,4.92
p16_det_015_crop_3.png,275.0,265.0,161.0,191.0,31.62,0.0,0.0,5.48
p16_det_016.png,258.0,260.0,165.0,194.0,29.07,0.0,0.0,4.26
p16_det_017.png,261.0,263.0,166.0,190.0,24.08,0.0,0.0,1.48
p16_det_017_crop_1.png,257.0,263.0,140.0,174.0,34.53,0.0,0.0,1.72
p16_det_018.png,323.0,311.0,154.0,179.0,27.73,0.0,0.0,2.36
p16_det_018_crop_1.png,315.0,299.0,139.0,157.0,24.08,0.0,0.0,1.76
p16_det_019.png,318.0,316.0,149.0,174.0,25.08,0.0,0.0,1.72
p16_det_020_crop_1.png,270.0,268.0,130.0,163.0,33.06,0.0,0.0,8.08
p16_det_021_crop_1.png,314.0,297.0,132.0,151.0,25.5,0.0,0.0,1.59
p16_det_022_crop_2.png,245.0,245.0,104.0,137.0,33.0,0.0,0.0,1.72
p16_det_022_crop_4.png,229.0,240.0,141.0,161.0,22.83,0.0,0.0,6.82
p16_det_023_crop_2.png,257.0,259.0,130.0,164.0,34.06,0.0,0.0,2.12
p16_det_024_crop_2.png,308.0,296.0,136.0,154.0,21.63,0.0,0.0,1.42
p16_det_025_crop_1.png,283.0,281.0,155.0,183.0,28.07,0.0,0.0,1.47
p16_det_025_crop_5.png,253.0,253.0,142.0,169.0,27.0,0.0,0.0,3.21
p16_det_026_crop_0.png,263.0,263.0,126.0,156.0,30.0,0.0,0.0,2.82
p16_det_026_crop_3.png,273.0,266.0,129.0,163.0,34.71,0.0,0.0,3.39
p16_det_027_crop_1.png,279.0,274.0,129.0,162.0,33.38,0.0,0.0,1.21
p16_det_028_crop_1.png,293.0,284.0,156.0,184.0,29.41,0.0,0.0,1.25
p16_det_028_crop_3.png,231.0,237.0,132.0,162.0,30.59,0.0,0.0,4.97
p16_det_029_crop_2.png,269.0,269.0,114.0,150.0,36.0,0.0,0.0,1.57
p16_det_030_crop_1.png,284.0,279.0,130.0,158.0,28.44,0.0,0.0,1.5
p16_det_031_crop_1.png,224.0,234.0,134.0,161.0,28.79,0.0,0.0,2.7
p16_det_031_crop_4.png,268.0,270.0,130.0,154.0,24.08,0.0,0.0,3.24
p16_det_031_crop_5.png,224.0,238.0,83.0,116.0,35.85,1.0,0.0,18.83
p16_det_032_crop_1.png,278.0,267.0,128.0,153.0,27.31,0.0,0.0,2.68
p16_det_033_crop_1.png,290.0,276.0,137.0,160.0,26.93,0.0,0.0,1.33
p16_det_034_crop_4.png,263.0,263.0,131.0,150.0,19.0,0.0,0.0,1.34
p16_det_035_crop_2.png,299.0,283.0,139.0,162.0,28.02,0.0,0.0,1.55
p16_det_035_crop_3.png,258.0,246.0,170.0,194.0,26.83,0.0,0.0,2.22
p16_det_036_crop_0.png,247.0,243.0,110.0,150.0,40.2,0.0,0.0,1.43
p16_det_037_crop_3.png,251.0,247.0,180.0,206.0,26.31,0.0,0.0,1.35
p16_det_038_crop_2.png,319.0,303.0,191.0,209.0,24.08,0.0,0.0,1.31
p16_det_039_crop_0.png,228.0,244.0,144.0,167.0,28.02,0.0,0.0,2.11
p16_det_039_crop_1.png,268.0,270.0,175.0,205.0,30.07,0.0,0.0,1.77
p16_det_039_crop_2.png,253.0,245.0,147.0,199.0,52.61,1.0,0.0,15.39
p16_det_039_crop_4.png,318.0,307.0,161.0,189.0,30.08,0.0,0.0,1.65
p16_det_041_crop_1.png,294.0,289.0,175.0,202.0,27.46,1.0,0.0,12.64
p16_det_041_crop_3.png,267.0,276.0,131.0,160.0,30.36,0.0,0.0,2.12
p16_det_042_crop_1.png,250.0,246.0,150.0,199.0,49.16,1.0,0.0,8.51
p16_det_042_crop_2.png,268.0,268.0,177.0,204.0,27.0,0.0,0.0,1.95
p16_det_042_crop_4.png,317.0,311.0,162.0,181.0,19.92,0.0,0.0,1.48
p16_det_043_crop_4.png,241.0,239.0,170.0,198.0,28.07,0.0,0.0,1.43
p16_det_044_crop_3.png,342.0,318.0,171.0,193.0,32.56,0.0,0.0,2.24
p16_det_045_crop_5.png,269.0,269.0,152.0,195.0,43.0,0.0,0.0,1.46
p16_det_047_crop_0.png,249.0,255.0,153.0,190.0,37.48,0.0,0.0,2.04
p16_det_047_crop_3.png,268.0,266.0,157.0,197.0,40.05,0.0,0.0,1.2
p16_det_047_crop_6.png,269.0,271.0,219.0,248.0,29.07,0.0,0.0,5.58
p16_det_049_crop_3.png,270.0,270.0,138.0,179.0,41.0,0.0,0.0,1.43
p16_det_050_crop_0.png,253.0,253.0,140.0,177.0,37.0,0.0,0.0,1.43
p16_det_052_crop_1.png,270.0,263.0,155.0,188.0,33.73,0.0,0.0,2.34
p16_det_053_crop_10.png,319.0,303.0,180.0,194.0,21.26,0.0,0.0,1.62
p16_det_055_crop_2.png,254.0,242.0,149.0,170.0,24.19,0.0,0.0,1.54
p16_det_058_crop_0.png,256.0,256.0,155.0,186.0,31.0,0.0,0.0,1.12
p16_det_059_crop_6.png,306.0,290.0,142.0,172.0,34.0,0.0,0.0,2.22
p16_det_065_crop_1.png,264.0,264.0,164.0,191.0,27.0,0.0,0.0,0.61
p17_det_001.png,267.0,260.0,99.0,130.0,31.78,0.0,0.0,3.75
p17_det_001_crop_0.png,302.0,286.0,169.0,179.0,18.87,0.0,0.0,2.27
p17_det_001_crop_1.png,255.0,255.0,156.0,172.0,16.0,0.0,0.0,1.67
p17_det_002.png,278.0,260.0,104.0,130.0,31.62,0.0,0.0,6.72
p17_det_002_crop_2.png,247.0,249.0,150.0,173.0,23.09,0.0,0.0,1.44
p17_det_003.png,246.0,250.0,146.0,175.0,29.27,0.0,0.0,1.0
p17_det_004.png,256.0,256.0,153.0,172.0,19.0,0.0,0.0,0.98
p17_det_004_crop_1.png,265.0,255.0,169.0,189.0,22.36,0.0,0.0,1.22
p17_det_005.png,254.0,254.0,152.0,172.0,20.0,0.0,0.0,1.14
p17_det_005_crop_4.png,298.0,287.0,179.0,197.0,21.1,0.0,0.0,1.08
p17_det_006.png,240.0,247.0,142.0,170.0,28.86,0.0,0.0,2.25
p17_det_006_crop_0.png,272.0,268.0,154.0,186.0,32.25,0.0,0.0,1.44
p17_det_007.png,255.0,257.0,152.0,168.0,16.12,0.0,0.0,1.11
p17_det_007_crop_0.png,224.0,226.0,151.0,173.0,22.09,0.0,0.0,8.25
p17_det_007_crop_2.png,250.0,256.0,174.0,204.0,30.59,0.0,0.0,1.25
p17_det_008.png,256.0,258.0,159.0,176.0,17.12,0.0,0.0,1.22
p17_det_008_crop_1.png,223.0,223.0,154.0,174.0,20.0,0.0,0.0,1.53
p17_det_009.png,258.0,258.0,205.0,160.0,45.0,0.0,0.0,0.77
p17_det_009_crop_2.png,258.0,257.0,156.0,183.0,27.02,1.0,0.0,3.5
p17_det_010.png,178.0,202.0,110.0,124.0,27.78,0.0,0.0,5.01
p17_det_010_crop_1.png,262.0,256.0,154.0,178.0,24.74,0.0,0.0,1.98
p17_det_011.png,307.0,285.0,171.0,187.0,27.2,0.0,0.0,4.19
p17_det_012.png,261.0,265.0,153.0,170.0,17.46,0.0,0.0,2.9
p17_det_013.png,300.0,282.0,175.0,184.0,20.12,0.0,0.0,1.98
p17_det_014.png,326.0,317.0,154.0,181.0,28.46,0.0,0.0,2.95
p17_det_015.png,318.0,312.0,159.0,188.0,29.61,0.0,0.0,1.54
p17_det_018_crop_5.png,299.0,287.0,154.0,186.0,34.18,0.0,0.0,2.61
p17_det_019_crop_4.png,293.0,286.0,151.0,192.0,41.59,0.0,1.0,39.32
p17_det_020_crop_7.png,286.0,288.0,144.0,180.0,36.06,0.0,0.0,7.23
p17_det_021_crop_4.png,280.0,292.0,188.0,138.0,51.42,0.0,1.0,8.94
p17_det_022_crop_1.png,242.0,251.0,155.0,177.0,23.77,0.0,0.0,2.32
p17_det_022_crop_2.png,251.0,253.0,154.0,172.0,18.11,0.0,0.0,1.31
p17_det_023_crop_1.png,240.0,242.0,158.0,175.0,17.12,0.0,0.0,3.05
p17_det_024_crop_0.png,274.0,270.0,146.0,185.0,39.2,0.0,0.0,1.39
p17_det_024_crop_3.png,257.0,257.0,153.0,175.0,22.0,0.0,0.0,1.43
p17_det_027_crop_0.png,277.0,265.0,160.0,192.0,34.18,0.0,0.0,136.53
p17_det_028_crop_0.png,287.0,271.0,148.0,173.0,29.68,0.0,0.0,1.23
p17_det_030_crop_0.png,249.0,247.0,170.0,199.0,29.07,0.0,0.0,3.76
p17_det_030_crop_2.png,289.0,278.0,169.0,196.0,29.15,0.0,0.0,1.63
p17_det_030_crop_4.png,275.0,263.0,175.0,218.0,44.64,0.0,0.0,2.03
p17_det_031_crop_4.png,291.0,277.0,175.0,203.0,31.3,0.0,0.0,1.12
p17_det_032_crop_0.png,280.0,273.0,177.0,199.0,23.09,0.0,0.0,2.39
p17_det_033_crop_5.png,258.0,258.0,156.0,176.0,20.0,0.0,0.0,2.75
p17_det_035_crop_0.png,276.0,276.0,161.0,183.0,22.0,0.0,0.0,1.51
p17_det_036_crop_2.png,291.0,283.0,168.0,184.0,17.89,0.0,0.0,0.83
p17_det_038_crop_0.png,255.0,242.0,169.0,203.0,36.4,0.0,0.0,12.7
p17_det_038_crop_1.png,288.0,280.0,155.0,191.0,36.88,0.0,0.0,0.36
p17_det_062_crop_1.png,208.0,235.0,147.0,171.0,36.12,0.0,0.0,1.77
p17_det_062_crop_4.png,208.0,242.0,145.0,162.0,38.01,0.0,0.0,3.22
p17_det_063_crop_3.png,215.0,239.0,148.0,170.0,32.56,0.0,0.0,1.46
p17_det_064_crop_0.png,262.0,262.0,176.0,212.0,36.0,0.0,0.0,1.64
p17_det_065_crop_1.png,214.0,234.0,175.0,207.0,37.74,0.0,0.0,1.55
p17_det_065_crop_2.png,249.0,254.0,177.0,204.0,27.46,0.0,0.0,2.64
p17_det_065_crop_3.png,292.0,278.0,131.0,166.0,37.7,0.0,0.0,1.29
p17_det_065_crop_5.png,237.0,257.0,125.0,142.0,26.25,0.0,0.0,1.9
p17_det_066_crop_0.png,219.0,239.0,174.0,207.0,38.59,0.0,0.0,2.1
p17_det_066_crop_1.png,236.0,254.0,129.0,158.0,34.13,0.0,0.0,1.55
p17_det_066_crop_3.png,292.0,272.0,136.0,166.0,36.06,0.0,0.0,1.28
p17_det_067_crop_1.png,227.0,244.0,148.0,171.0,28.6,0.0,0.0,2.57
p17_det_068_crop_0.png,222.0,238.0,161.0,182.0,26.4,0.0,0.0,2.85
p17_det_072_crop_0.png,256.0,258.0,175.0,204.0,29.07,0.0,0.0,4.17
p17_det_072_crop_1.png,174.0,207.0,136.0,144.0,33.96,0.0,0.0,3.47
p17_det_073_crop_1.png,254.0,260.0,174.0,217.0,43.42,0.0,0.0,8.37
p17_det_074_crop_0.png,252.0,254.0,155.0,191.0,36.06,0.0,0.0,2.59
p17_det_074_crop_1.png,282.0,280.0,147.0,169.0,22.09,0.0,0.0,1.85
p17_det_075_crop_0.png,232.0,237.0,158.0,189.0,31.4,0.0,0.0,1.47
p17_det_081_crop_2.png,282.0,274.0,173.0,211.0,38.83,0.0,0.0,0.73
p18_det_001.png,285.0,266.0,157.0,188.0,36.36,1.0,0.0,2.36
p18_det_002.png,276.0,267.0,150.0,183.0,34.21,0.0,0.0,1.35
p18_det_003.png,258.0,261.0,137.0,166.0,29.15,0.0,0.0,1.05
p18_det_004.png,266.0,264.0,126.0,155.0,29.07,0.0,0.0,1.53
p18_det_006_crop_2.png,233.0,239.0,142.0,176.0,34.53,0.0,0.0,10.68
p18_det_007_crop_2.png,239.0,249.0,140.0,169.0,30.68,0.0,0.0,1.39
p18_det_008_crop_2.png,256.0,254.0,107.0,145.0,38.05,0.0,0.0,3.72
p18_det_009_crop_3.png,258.0,255.0,107.0,146.0,39.12,1.0,0.0,21.75
p18_det_009_crop_4.png,262.0,262.0,148.0,178.0,30.0,0.0,0.0,3.6
p18_det_013_crop_3.png,234.0,249.0,117.0,145.0,31.76,0.0,0.0,3.53
p18_det_014_crop_0.png,243.0,250.0,135.0,178.0,43.57,0.0,0.0,4.01
p18_det_014_crop_2.png,264.0,270.0,126.0,177.0,51.35,1.0,0.0,17.88
p18_det_014_crop_5.png,289.0,286.0,110.0,146.0,36.12,0.0,0.0,2.33
p18_det_015_crop_1.png,265.0,264.0,119.0,170.0,51.01,1.0,1.0,52.84
p18_det_015_crop_4.png,226.0,239.0,149.0,200.0,52.63,1.0,1.0,16.24
p18_det_017_crop_0.png,282.0,267.0,141.0,178.0,39.92,0.0,0.0,3.97
p18_det_018_crop_1.png,285.0,273.0,149.0,188.0,40.8,0.0,0.0,5.21
p18_det_018_crop_2.png,254.0,251.0,185.0,211.0,26.17,0.0,0.0,1.86
p18_det_018_crop_5.png,260.0,260.0,145.0,179.0,34.0,0.0,0.0,3.46
p18_det_019_crop_1.png,301.0,273.0,165.0,195.0,41.04,0.0,0.0,3.83
p18_det_020_crop_1.png,248.0,248.0,134.0,164.0,30.0,0.0,0.0,2.64
p18_det_020_crop_4.png,262.0,252.0,198.0,216.0,20.59,0.0,0.0,2.34
p18_det_027_crop_5.png,250.0,247.0,131.0,162.0,31.14,0.0,0.0,2.53
p18_det_028_crop_4.png,244.0,241.0,152.0,184.0,32.14,0.0,0.0,1.33
p18_det_030_crop_0.png,276.0,266.0,156.0,184.0,29.73,0.0,0.0,4.34
p18_det_031_crop_1.png,281.0,265.0,156.0,187.0,34.89,0.0,0.0,2.85
p18_det_032_crop_0.png,254.0,258.0,135.0,164.0,29.27,0.0,0.0,1.15
p18_det_033_crop_1.png,284.0,274.0,136.0,158.0,24.17,0.0,0.0,3.98
p18_det_033_crop_3.png,241.0,239.0,153.0,173.0,20.1,0.0,0.0,2.06
p18_det_034_crop_3.png,296.0,273.0,119.0,153.0,41.05,0.0,0.0,7.89
p18_det_035_crop_2.png,275.0,271.0,122.0,169.0,47.17,0.0,0.0,1.2
p18_det_036_crop_2.png,282.0,276.0,128.0,171.0,43.42,0.0,0.0,1.84
p18_det_037_crop_2.png,275.0,271.0,119.0,162.0,43.19,1.0,0.0,11.11
p18_det_038_crop_3.png,249.0,247.0,158.0,202.0,44.05,0.0,0.0,1.79
p18_det_039_crop_4.png,248.0,243.0,157.0,195.0,38.33,0.0,0.0,1.25
p18_det_041_crop_2.png,240.0,242.0,152.0,180.0,28.07,0.0,0.0,2.3
p18_det_041_crop_9.png,231.0,234.0,138.0,158.0,20.22,0.0,0.0,4.1
p18_det_042_crop_2.png,233.0,237.0,143.0,173.0,30.27,0.0,0.0,1.34
p18_det_042_crop_3.png,233.0,242.0,145.0,174.0,30.36,0.0,0.0,2.36
p18_det_043_crop_0.png,240.0,244.0,143.0,175.0,32.25,0.0,0.0,9.77
p18_det_043_crop_2.png,215.0,226.0,141.0,169.0,30.08,0.0,0.0,1.79
p18_det_044_crop_4.png,241.0,243.0,146.0,172.0,26.08,0.0,0.0,4.6
p18_det_045_crop_1.png,243.0,247.0,143.0,172.0,29.27,0.0,0.0,1.12
p18_det_045_crop_3.png,254.0,252.0,152.0,181.0,29.07,0.0,0.0,1.31
p18_det_046_crop_2.png,246.0,248.0,140.0,171.0,31.06,0.0,0.0,1.15
p18_det_047_crop_0.png,274.0,264.0,153.0,172.0,21.47,0.0,0.0,1.35
p18_det_047_crop_1.png,240.0,250.0,155.0,195.0,41.23,0.0,0.0,4.68
p18_det_047_crop_2.png,234.0,239.0,148.0,174.0,26.48,0.0,0.0,4.46
p18_det_047_crop_4.png,220.0,238.0,168.0,194.0,31.62,0.0,0.0,2.4
p18_det_047_crop_5.png,245.0,247.0,156.0,188.0,32.06,0.0,0.0,1.23
p18_det_047_crop_6.png,271.0,265.0,168.0,191.0,23.77,0.0,0.0,4.36
p18_det_051_crop_7.png,223.0,223.0,135.0,167.0,32.0,0.0,0.0,1.65
p18_det_053_crop_1.png,256.0,256.0,128.0,163.0,35.0,1.0,1.0,23.51
p18_det_054_crop_0.png,273.0,263.0,155.0,173.0,20.59,0.0,0.0,0.72
p18_det_054_crop_4.png,250.0,250.0,139.0,182.0,43.0,0.0,0.0,3.73
p18_det_055_crop_4.png,255.0,252.0,138.0,180.0,42.11,0.0,1.0,12.04
p18_det_056_crop_0.png,259.0,251.0,205.0,237.0,32.98,0.0,0.0,2.73
p18_det_057_crop_5.png,225.0,240.0,219.0,231.0,19.21,0.0,0.0,2.41
p18_det_063_crop_8.png,242.0,246.0,176.0,199.0,23.35,0.0,0.0,1.32
p18_det_064_crop_1.png,247.0,255.0,193.0,233.0,40.79,0.0,0.0,3.16
p18_det_065_crop_1.png,257.0,254.0,148.0,186.0,38.12,0.0,0.0,5.25
p18_det_066_crop_1.png,259.0,255.0,149.0,187.0,38.21,0.0,0.0,1.11
p18_det_067_crop_4.png,260.0,256.0,166.0,183.0,17.46,0.0,0.0,1.32
p18_det_068_crop_0.png,255.0,260.0,154.0,193.0,39.32,1.0,0.0,11.89
p18_det_068_crop_3.png,261.0,259.0,166.0,197.0,31.06,0.0,0.0,2.5
p18_det_070_crop_1.png,237.0,230.0,148.0,190.0,42.58,1.0,0.0,13.64
p18_det_070_crop_3.png,271.0,258.0,147.0,174.0,29.97,0.0,0.0,3.53
p18_det_072_crop_4.png,263.0,268.0,143.0,180.0,37.34,0.0,0.0,1.67
p18_det_074_crop_3.png,283.0,276.0,129.0,164.0,35.69,0.0,0.0,2.76
p18_det_075_crop_1.png,291.0,275.0,130.0,154.0,28.84,0.0,0.0,1.72
p18_det_076_crop_0.png,269.0,269.0,134.0,174.0,40.0,1.0,0.0,10.69
p18_det_078_crop_2.png,267.0,265.0,134.0,173.0,39.05,0.0,0.0,18.79
p18_det_079_crop_6.png,288.0,276.0,171.0,188.0,20.81,0.0,0.0,2.84
p18_det_080_crop_1.png,261.0,263.0,139.0,173.0,34.06,0.0,0.0,1.45
p18_det_081_crop_0.png,302.0,278.0,159.0,180.0,31.89,0.0,0.0,1.91
p18_det_081_crop_1.png,253.0,258.0,158.0,187.0,29.43,0.0,0.0,1.46
p18_det_082_crop_0.png,294.0,276.0,157.0,190.0,37.59,0.0,0.0,1.48
p18_det_082_crop_2.png,271.0,267.0,157.0,177.0,20.4,0.0,0.0,1.94
p18_det_084_crop_0.png,249.0,247.0,168.0,203.0,35.06,0.0,0.0,1.39
p18_det_084_crop_4.png,244.0,244.0,183.0,205.0,22.0,0.0,0.0,1.32
p18_det_085_crop_0.png,245.0,247.0,167.0,201.0,34.06,0.0,0.0,1.2
p18_det_085_crop_5.png,241.0,241.0,183.0,207.0,24.0,0.0,0.0,2.19
p18_det_088_crop_2.png,281.0,267.0,145.0,185.0,42.3792,0.0,1.0,12.2
p18_det_091_crop_3.png,287.0,273.0,130.0,160.0,33.11,0.0,0.0,2.4
p18_det_093_crop_0.png,257.0,255.0,125.0,159.0,34.06,0.0,0.0,1.36
p18_det_098_crop_1.png,270.0,267.0,108.0,145.0,37.12,0.0,0.0,1.24
p18_det_098_crop_3.png,317.0,297.0,135.0,230.0,97.08,1.0,0.0,9.04
p18_det_105_crop_2.png,231.0,231.0,97.0,136.0,39.0,0.0,0.0,2.66
p18_det_106_crop_3.png,239.0,241.0,104.0,146.0,42.05,0.0,0.0,3.1
p18_det_107_crop_2.png,243.0,247.0,105.0,155.0,50.16,0.0,0.0,4.41
p18_det_109_crop_2.png,247.0,249.0,134.0,162.0,28.07,0.0,0.0,2.62
p18_det_109_crop_3.png,248.0,248.0,122.0,154.0,32.0,0.0,0.0,1.04
p18_det_113_crop_4.png,293.0,287.0,115.0,142.0,27.66,0.0,0.0,2.38
p18_det_122_crop_5.png,284.0,272.0,153.0,171.0,21.63,0.0,0.0,1.7
p18_det_125_crop_3.png,262.0,260.0,132.0,162.0,30.07,0.0,0.0,1.26
p18_det_157_crop_3.png,263.0,252.0,163.0,188.0,27.31,0.0,0.0,1.27
p18_det_170_crop_2.png,252.0,264.0,149.0,224.0,75.95,0.0,0.0,1.61
p18_det_173_crop_4.png,268.0,254.0,143.0,176.0,35.85,0.0,0.0,2.01
p19_det_001.png,215.0,224.0,153.0,192.0,40.02,0.0,0.0,1.12
p19_det_001_crop_0.png,310.0,282.0,161.0,194.0,43.28,0.0,0.0,5.67
p19_det_001_crop_1.png,260.0,258.0,163.0,188.0,25.08,0.0,0.0,1.35
p19_det_001_crop_2.png,278.0,262.0,169.0,195.0,30.53,0.0,0.0,1.66
p19_det_001_crop_3.png,278.0,272.0,162.0,193.0,31.58,0.0,0.0,1.11
p19_det_001_crop_6.png,278.0,278.0,173.0,208.0,35.0,0.0,0.0,1.01
p19_det_001_crop_8.png,295.0,288.0,149.0,177.0,28.86,0.0,0.0,1.23
p19_det_001_crop_9.png,317.0,281.0,169.0,204.0,50.21,0.0,0.0,1.51
p19_det_002.png,259.0,267.0,114.0,170.0,56.57,1.0,0.0,10.35
p19_det_002_crop_1.png,251.0,247.0,164.0,204.0,40.2,0.0,0.0,1.49
p19_det_002_crop_2.png,240.0,243.0,178.0,210.0,32.14,0.0,0.0,1.16
p19_det_002_crop_4.png,270.0,270.0,138.0,172.0,34.0,0.0,0.0,2.17
p19_det_002_crop_7.png,269.0,273.0,163.0,193.0,30.27,0.0,0.0,1.21
p19_det_003.png,203.0,229.0,177.0,203.0,36.77,0.0,0.0,1.58
p19_det_003_crop_1.png,262.0,258.0,174.0,203.0,29.27,0.0,0.0,1.3
p19_det_003_crop_10.png,224.0,226.0,125.0,164.0,39.05,0.0,0.0,2.51
p19_det_003_crop_12.png,261.0,259.0,157.0,186.0,29.07,0.0,0.0,1.93
p19_det_003_crop_6.png,268.0,254.0,168.0,206.0,40.5,1.0,1.0,12.0
p19_det_004_crop_1.png,311.0,295.0,162.0,186.0,28.84,0.0,0.0,1.12
p19_det_004_crop_2.png,274.0,272.0,174.0,196.0,22.09,0.0,0.0,2.19
p19_det_004_crop_7.png,310.0,289.0,179.0,208.0,35.81,0.0,0.0,1.46
p19_det_005.png,261.0,261.0,171.0,193.0,22.0,0.0,0.0,2.86
p19_det_005_crop_10.png,274.0,286.0,155.0,182.0,29.55,0.0,0.0,3.51
p19_det_006.png,201.0,221.0,102.0,132.0,36.06,0.0,0.0,6.0
p19_det_006_crop_2.png,248.0,246.0,148.0,187.0,39.05,0.0,0.0,1.21
p19_det_006_crop_4.png,274.0,274.0,169.0,191.0,22.0,0.0,0.0,4.03
p19_det_006_crop_8.png,243.0,243.0,141.0,163.0,22.0,0.0,0.0,2.13
p19_det_007.png,229.0,229.0,121.0,158.0,37.0,0.0,0.0,1.66
p19_det_007_crop_2.png,253.0,263.0,144.0,189.0,46.1,0.0,1.0,14.81
p19_det_008.png,206.0,221.0,111.0,141.0,33.54,0.0,0.0,4.28
p19_det_008_crop_0.png,271.0,268.0,180.0,215.0,35.13,0.0,0.0,2.12
p19_det_008_crop_2.png,254.0,251.0,165.0,196.0,31.14,0.0,0.0,1.13
p19_det_008_crop_3.png,270.0,259.0,193.0,216.0,25.5,0.0,0.0,1.26
p19_det_008_crop_8.png,275.0,250.0,174.0,195.0,32.65,0.0,0.0,2.89
p19_det_009.png,203.0,225.0,123.0,155.0,38.83,0.0,0.0,4.89
p19_det_009_crop_14.png,276.0,272.0,173.0,197.0,24.33,0.0,0.0,1.43
p19_det_009_crop_3.png,261.0,258.0,170.0,196.0,26.17,0.0,0.0,1.17
p19_det_009_crop_8.png,260.0,260.0,145.0,190.0,45.0,0.0,1.0,10.71
p19_det_010.png,269.0,265.0,150.0,194.0,44.18,0.0,1.0,13.62
p19_det_010_crop_0.png,280.0,276.0,161.0,182.0,21.38,0.0,0.0,1.63
p19_det_010_crop_7.png,285.0,267.0,164.0,192.0,33.29,0.0,0.0,1.28
p19_det_011.png,263.0,261.0,148.0,186.0,38.05,0.0,0.0,1.76
p19_det_011_crop_0.png,294.0,281.0,190.0,208.0,22.2,0.0,0.0,1.66
p19_det_011_crop_1.png,291.0,278.0,159.0,195.0,38.28,0.0,1.0,20.69
p19_det_011_crop_3.png,301.0,285.0,158.0,187.0,33.12,0.0,0.0,2.32
p19_det_012.png,266.0,263.0,150.0,197.0,47.1,0.0,0.0,4.9
p19_det_012_crop_0.png,296.0,288.0,146.0,188.0,42.76,0.0,0.0,1.34
p19_det_012_crop_3.png,276.0,276.0,142.0,186.0,44.0,0.0,0.0,0.22
p19_det_013.png,209.0,234.0,105.0,143.0,45.49,0.0,0.0,0.51
p19_det_013_crop_0.png,239.0,254.0,143.0,185.0,44.6,0.0,0.0,0.01
p19_det_013_crop_2.png,261.0,263.0,149.0,184.0,35.06,0.0,0.0,0.01
p19_det_014.png,230.0,235.0,182.0,227.0,45.28,0.0,0.0,0.01
p19_det_014_crop_3.png,263.0,265.0,166.0,193.0,27.07,0.0,0.0,0.02
p19_det_015.png,190.0,224.0,157.0,204.0,58.01,0.0,0.0,0.04
p19_det_015_crop_2.png,242.0,236.0,157.0,184.0,27.66,0.0,0.0,0.01
p19_det_016.png,211.0,232.0,164.0,203.0,44.29,0.0,0.0,0.02
p19_det_016_crop_5.png,280.0,270.0,160.0,184.0,26.0,0.0,0.0,0.02
p19_det_017.png,299.0,278.0,147.0,195.0,52.39,0.0,0.0,0.02
p19_det_018.png,297.0,285.0,143.0,194.0,52.3927,0.0,0.0,0.02
p19_det_019.png,301.0,279.0,151.0,196.0,50.09,0.0,0.0,0.01
p19_det_020.png,302.0,285.0,143.0,189.0,49.04,0.0,0.0,0.03
p19_det_020_crop_0.png,244.0,251.0,170.0,203.0,33.73,0.0,0.0,0.01
p19_det_020_crop_10.png,305.0,277.0,208.0,230.0,35.61,0.0,0.0,0.02
p19_det_020_crop_3.png,272.0,263.0,174.0,205.0,32.28,0.0,0.0,0.01
p19_det_021_crop_0.png,238.0,255.0,177.0,198.0,27.02,0.0,0.0,0.01
p19_det_021_crop_5.png,288.0,274.0,179.0,199.0,24.41,0.0,0.0,0.02
p19_det_021_crop_8.png,308.0,282.0,205.0,229.0,35.38,0.0,0.0,0.04
p19_det_023_crop_0.png,235.0,251.0,165.0,194.0,33.12,0.0,0.0,0.01
p19_det_023_crop_3.png,290.0,276.0,195.0,224.0,32.2,0.0,0.0,0.02
p19_det_025_crop_3.png,229.0,238.0,157.0,188.0,32.28,0.0,0.0,0.02
p19_det_025_crop_8.png,291.0,271.0,194.0,224.0,36.06,0.0,0.0,0.02
p19_det_026_crop_2.png,311.0,296.0,196.0,217.0,25.81,0.0,0.0,0.02
p19_det_028_crop_3.png,262.0,262.0,176.0,204.0,28.0,0.0,0.0,0.04
p19_det_032_crop_5.png,253.0,257.0,167.0,208.0,41.19,0.0,0.0,0.01
p19_det_033_crop_2.png,270.0,270.0,136.0,170.0,34.0,0.0,0.0,0.02
p19_det_034_crop_1.png,227.0,262.0,173.0,202.0,45.45,0.0,0.0,0.02
p19_det_034_crop_3.png,194.0,213.0,173.0,200.0,33.02,0.0,0.0,0.02
p19_det_039_crop_1.png,265.0,267.0,153.0,191.0,38.05,0.0,0.0,0.02
p19_det_042_crop_4.png,243.0,257.0,151.0,198.0,49.04,0.0,0.0,0.02
p19_det_042_crop_8.png,275.0,270.0,144.0,190.0,46.27,0.0,0.0,0.04
p19_det_046_crop_5.png,242.0,242.0,167.0,208.0,41.0,0.0,0.0,3.25
p19_det_048_crop_4.png,243.0,238.0,146.0,188.0,42.3,0.0,0.0,0.02
p19_det_049_crop_0.png,273.0,259.0,171.0,191.0,24.41,0.0,0.0,0.01
p19_det_058_crop_0.png,239.0,239.0,144.0,170.0,26.0,0.0,0.0,0.01
p19_det_061_crop_8.png,262.0,256.0,159.0,193.0,34.53,0.0,0.0,0.02
p19_det_086_crop_3.png,316.0,298.0,179.0,199.0,26.91,0.0,0.0,0.01
p19_det_090_crop_4.png,221.0,236.0,174.0,200.0,30.02,0.0,0.0,0.03
p19_det_091_crop_0.png,238.0,245.0,164.0,197.0,33.73,0.0,0.0,0.01
p19_det_093_crop_9.png,270.0,266.0,140.0,179.0,39.2,0.0,0.0,0.02
p19_det_094_crop_2.png,261.0,263.0,168.0,201.0,33.06,0.0,0.0,0.02
p19_det_097_crop_0.png,210.0,219.0,157.0,200.0,43.93,0.0,0.0,0.02
p19_det_101_crop_2.png,218.0,222.0,166.0,201.0,35.23,0.0,0.0,0.02
p19_det_102_crop_10.png,219.0,241.0,194.0,235.0,46.53,0.0,0.0,0.04
p19_det_103_crop_1.png,238.0,242.0,175.0,212.0,37.22,0.0,0.0,0.01
p19_det_111_crop_3.png,214.0,219.0,157.0,195.0,38.33,0.0,0.0,0.02
p19_det_114_crop_0.png,240.0,251.0,163.0,203.0,41.48,0.0,0.0,0.02
p19_det_114_crop_1.png,222.0,235.0,162.0,200.0,40.16,0.0,0.0,0.02
p19_det_114_crop_5.png,259.0,257.0,177.0,218.0,41.05,0.0,0.0,0.05
p19_det_115_crop_6.png,263.0,262.0,183.0,221.0,38.01,1.0,1.0,36.94
p19_det_116_crop_2.png,230.0,244.0,207.0,240.0,35.85,0.0,0.0,0.01
p19_det_117_crop_4.png,217.0,238.0,170.0,204.0,39.96,0.0,0.0,0.01
p19_det_117_crop_5.png,260.0,275.0,171.0,218.0,49.34,0.0,0.0,0.01
p19_det_117_crop_9.png,251.0,255.0,176.0,222.0,46.17,0.0,0.0,0.02
p19_det_118_crop_1.png,213.0,224.0,178.0,213.0,36.69,0.0,0.0,0.02
p19_det_118_crop_7.png,216.0,237.0,169.0,202.0,39.12,0.0,0.0,0.06
p19_det_119_crop_4.png,244.0,251.0,203.0,224.0,22.1359,0.0,0.0,0.01
p19_det_119_crop_6.png,269.0,267.0,171.0,205.0,34.06,0.0,0.0,0.39
p19_det_123_crop_2.png,233.0,244.0,166.0,200.0,35.74,1.0,1.0,15.65
p19_det_125_crop_1.png,224.0,242.0,154.0,190.0,40.25,0.0,0.0,0.13
p19_det_127_crop_5.png,296.0,274.0,166.0,182.0,27.2,0.0,0.0,0.16
p19_det_129_crop_3.png,255.0,255.0,144.0,184.0,40.0,0.0,0.0,0.15
p19_det_135_crop_1.png,252.0,259.0,166.0,193.0,27.89,0.0,0.0,0.13
p19_det_140_crop_3.png,257.0,257.0,143.0,177.0,34.0,0.0,0.0,0.13
p19_det_143_crop_1.png,208.0,234.0,142.0,175.0,42.01,0.0,0.0,0.12
p19_det_148_crop_3.png,212.0,233.0,181.0,208.0,34.21,0.0,0.0,0.1
p19_det_150_crop_1.png,198.0,217.0,148.0,176.0,33.84,0.0,0.0,0.13
p19_det_150_crop_2.png,191.0,222.0,164.0,205.0,51.4,0.0,0.0,0.08
p19_det_150_crop_3.png,211.0,228.0,152.0,195.0,46.24,0.0,0.0,0.11
p19_det_150_crop_5.png,245.0,271.0,170.0,200.0,39.7,0.0,0.0,0.1
p1_det_001.png,284.0,286.0,186.0,218.0,32.06,0.0,0.0,0.12
p1_det_002.png,303.0,281.0,184.0,204.0,29.73,0.0,0.0,0.1
p1_det_003.png,305.0,297.0,167.0,189.0,23.41,0.0,0.0,0.11
p1_det_004.png,302.0,290.0,160.0,173.0,17.69,0.0,0.0,0.13
p1_det_005.png,302.0,286.0,156.0,174.0,24.08,0.0,0.0,0.12
p1_det_006.png,247.0,253.0,184.0,211.0,27.66,0.0,0.0,0.1
p1_det_007.png,242.0,246.0,159.0,185.0,26.31,0.0,0.0,0.11
p1_det_008.png,253.0,249.0,174.0,201.0,27.29,0.0,0.0,0.11
p1_det_009.png,280.0,271.0,187.0,212.0,26.57,0.0,0.0,0.01
p1_det_010.png,265.0,259.0,139.0,164.0,25.71,0.0,0.0,0.07
p1_det_011.png,266.0,264.0,173.0,201.0,28.07,0.0,0.0,0.12
p1_det_012.png,287.0,269.0,175.0,195.0,26.91,0.0,0.0,0.5
p1_det_013.png,294.0,272.0,182.0,211.0,36.4,0.0,0.0,0.02
p1_det_014.png,270.0,261.0,171.0,197.0,27.51,0.0,0.0,0.02
p1_det_015.png,291.0,270.0,173.0,202.0,35.81,0.0,0.0,0.02
p1_det_016.png,285.0,279.0,178.0,205.0,27.66,0.0,0.0,0.01
p1_det_017.png,224.0,227.0,162.0,185.0,23.19,0.0,0.0,0.01
p1_det_018.png,273.0,265.0,169.0,195.0,27.2,0.0,0.0,0.02
p1_det_019.png,266.0,264.0,185.0,208.0,23.09,0.0,0.0,0.04
p1_det_020.png,283.0,275.0,186.0,207.0,22.47,0.0,0.0,0.01
p1_det_021.png,291.0,279.0,182.0,209.0,29.55,0.0,0.0,0.01
p1_det_022.png,271.0,265.0,168.0,191.0,23.77,0.0,0.0,0.01
p1_det_023.png,260.0,246.0,177.0,201.0,27.78,0.0,0.0,0.02
p1_det_024.png,260.0,262.0,175.0,201.0,26.08,0.0,0.0,0.02
p1_det_025.png,289.0,279.0,169.0,191.0,24.17,0.0,0.0,0.02
p1_det_026.png,267.0,257.0,173.0,194.0,23.26,0.0,0.0,0.04
p1_det_027.png,263.0,260.0,188.0,215.0,27.17,0.0,0.0,0.01
p1_det_028.png,287.0,278.0,162.0,194.0,33.24,0.0,0.0,0.02
p1_det_029.png,284.0,272.0,185.0,214.0,31.3847,0.0,0.0,0.02
p1_det_030.png,289.0,283.0,153.0,179.0,26.6833,0.0,0.0,0.02
p1_det_031.png,307.0,288.0,149.0,172.0,29.83,0.0,0.0,0.02
p1_det_032.png,262.0,262.0,178.0,206.0,28.0,0.0,0.0,0.04
p1_det_033.png,285.0,269.0,160.0,181.0,26.4008,0.0,0.0,0.01
p1_det_034.png,299.0,283.0,184.0,216.0,35.78,0.0,0.0,0.65
p1_det_035.png,296.0,276.0,163.0,200.0,42.06,0.0,0.0,1.02
p1_det_036.png,306.0,292.0,160.0,185.0,28.65,1.0,1.0,14.73
p1_det_037.png,295.0,269.0,165.0,188.0,34.71,0.0,0.0,6.84
p1_det_038.png,291.0,286.0,136.0,181.0,45.28,0.0,0.0,1.93
p1_det_039.png,296.0,291.0,154.0,185.0,31.4,0.0,0.0,1.63
p1_det_040.png,292.0,284.0,174.0,195.0,22.47,0.0,0.0,1.25
p1_det_041.png,289.0,281.0,116.0,159.0,43.74,0.0,0.0,2.21
p1_det_042.png,291.0,284.0,121.0,154.0,33.73,1.0,0.0,15.82
p1_det_043.png,318.0,298.0,154.0,175.0,29.0,0.0,0.0,9.5
p1_det_044.png,255.0,253.0,150.0,171.0,21.1,0.0,0.0,10.04
p1_det_045.png,232.0,232.0,143.0,174.0,31.0,0.0,0.0,4.52
p1_det_046.png,299.0,286.0,124.0,162.0,40.16,0.0,0.0,3.51
p1_det_047.png,298.0,296.0,149.0,175.0,26.08,0.0,0.0,9.95
p1_det_048.png,304.0,284.0,199.0,217.0,26.91,0.0,0.0,2.37
p1_det_049.png,282.0,275.0,147.0,167.0,21.19,0.0,0.0,1.07
p1_det_050.png,284.0,275.0,136.0,162.0,27.51,0.0,0.0,2.61
p1_det_051.png,298.0,285.0,126.0,166.0,42.06,0.0,0.0,2.9
p1_det_052.png,271.0,267.0,179.0,204.0,25.32,0.0,0.0,1.32
p1_det_053.png,296.0,280.0,140.0,176.0,39.4,1.0,0.0,8.92
p1_det_054.png,316.0,299.0,146.0,176.0,34.48,0.0,0.0,5.41
p1_det_055.png,214.0,218.0,136.0,154.0,18.44,0.0,0.0,1.39
p1_det_056.png,302.0,280.0,138.0,175.0,43.05,0.0,0.0,2.35
p1_det_057.png,294.0,283.0,135.0,180.0,46.32,1.0,0.0,9.6
p1_det_058.png,246.0,262.0,155.0,175.0,25.61,0.0,0.0,1.64
p1_det_059.png,303.0,283.0,166.0,197.0,36.89,0.0,0.0,1.73
p1_det_060.png,308.0,294.0,154.0,176.0,26.08,0.0,0.0,2.2
p1_det_061.png,284.0,277.0,136.0,181.0,45.54,0.0,0.0,17.99
p1_det_062.png,271.0,264.0,151.0,187.0,36.67,1.0,0.0,9.48
p1_det_063.png,230.0,235.0,157.0,177.0,20.62,0.0,0.0,2.0
p1_det_064.png,230.0,241.0,149.0,184.0,36.69,1.0,0.0,4.54
p1_det_065.png,230.0,236.0,149.0,185.0,36.5,0.0,0.0,1.26
p1_det_066.png,252.0,258.0,182.0,221.0,39.46,0.0,0.0,1.7
p1_det_067.png,241.0,250.0,140.0,169.0,30.36,0.0,0.0,1.17
p1_det_068.png,208.0,229.0,157.0,176.0,28.32,0.0,0.0,1.32
p1_det_069.png,215.0,226.0,158.0,175.0,20.25,0.0,0.0,0.9
p1_det_070.png,264.0,258.0,171.0,194.0,23.77,1.0,0.0,4.51
p1_det_071.png,256.0,256.0,164.0,191.0,27.0,0.0,0.0,1.22
p1_det_072.png,214.0,239.0,134.0,170.0,43.83,1.0,0.0,2.41
p1_det_073.png,221.0,235.0,146.0,171.0,28.65,0.0,0.0,2.47
p1_det_074.png,220.0,231.0,154.0,177.0,25.5,0.0,0.0,1.33
p1_det_075.png,267.0,263.0,154.0,194.0,40.2,0.0,0.0,2.05
p1_det_076.png,266.0,263.0,179.0,211.0,32.14,0.0,0.0,1.22
p1_det_077.png,204.0,227.0,156.0,174.0,29.21,0.0,0.0,1.62
p1_det_078.png,275.0,271.0,154.0,186.0,32.25,0.0,0.0,1.49
p1_det_079.png,245.0,247.0,167.0,207.0,40.05,0.0,0.0,1.16
p1_det_080.png,250.0,253.0,148.0,178.0,30.15,1.0,0.0,10.17
p1_det_081.png,215.0,232.0,180.0,207.0,31.91,0.0,0.0,1.82
p1_det_082.png,241.0,236.0,129.0,154.0,25.5,0.0,0.0,1.75
p1_det_083.png,256.0,252.0,220.0,259.0,39.2,0.0,0.0,1.49
p1_det_084.png,289.0,265.0,178.0,213.0,42.44,0.0,0.0,2.7
p1_det_085.png,289.0,273.0,198.0,214.0,22.63,0.0,0.0,1.44
p1_det_086.png,214.0,225.0,154.0,177.0,25.5,0.0,0.0,1.68
p1_det_087.png,224.0,242.0,182.0,204.0,28.43,0.0,0.0,4.5
p1_det_088.png,233.0,235.0,160.0,189.0,29.07,0.0,0.0,1.15
p1_det_089.png,292.0,283.0,182.0,199.0,19.24,0.0,0.0,1.15
p1_det_090.png,257.0,255.0,170.0,195.0,25.08,0.0,0.0,1.15
p1_det_091.png,252.0,258.0,141.0,171.0,30.59,0.0,0.0,3.37
p1_det_092.png,242.0,240.0,145.0,180.0,35.06,0.0,0.0,2.28
p1_det_093.png,246.0,255.0,177.0,212.0,36.14,0.0,0.0,3.76
p1_det_094.png,265.0,265.0,167.0,199.0,32.0,0.0,0.0,1.47
p1_det_095.png,268.0,259.0,177.0,204.0,28.46,0.0,0.0,2.26
p1_det_096.png,277.0,268.0,169.0,200.0,32.28,0.0,0.0,3.62
p1_det_097.png,246.0,246.0,178.0,200.0,22.0,0.0,0.0,1.59
p1_det_098.png,240.0,260.0,186.0,203.0,26.25,0.0,0.0,1.75
p1_det_099.png,262.0,265.0,150.0,197.0,47.1,0.0,0.0,1.34
p1_det_100.png,251.0,251.0,148.0,177.0,29.0,0.0,0.0,2.42
p1_det_101.png,264.0,262.0,165.0,202.0,37.05,0.0,0.0,1.55
p1_det_102.png,239.0,249.0,139.0,163.0,26.0,0.0,0.0,8.73
p1_det_103.png,251.0,254.0,153.0,179.0,26.17,0.0,0.0,1.31
p1_det_104.png,263.0,260.0,166.0,194.0,28.16,0.0,0.0,1.66
p1_det_105.png,260.0,260.0,157.0,193.0,36.0,0.0,0.0,1.05
p1_det_106.png,278.0,276.0,181.0,207.0,26.08,0.0,0.0,3.14
p1_det_107.png,264.0,266.0,144.0,177.0,33.06,0.0,0.0,3.03
p1_det_108.png,206.0,233.0,147.0,167.0,33.6,1.0,0.0,20.84
p1_det_109.png,219.0,234.0,147.0,169.0,26.63,0.0,0.0,4.1
p1_det_110.png,247.0,247.0,133.0,154.0,21.0,0.0,0.0,4.52
p1_det_111.png,209.0,232.0,180.0,201.0,31.14,0.0,0.0,1.38
p1_det_112.png,217.0,220.0,174.0,198.0,24.19,0.0,0.0,6.51
p1_det_113.png,225.0,233.0,176.0,194.0,19.7,0.0,0.0,1.36
p1_det_114.png,275.0,270.0,168.0,196.0,28.44,0.0,0.0,2.06
p1_det_115.png,248.0,252.0,183.0,211.0,28.28,0.0,0.0,1.16
p1_det_116.png,292.0,266.0,180.0,206.0,36.77,0.0,0.0,2.06
p1_det_117.png,271.0,271.0,189.0,223.0,34.0,0.0,0.0,1.85
p1_det_118.png,284.0,271.0,199.0,210.0,17.03,0.0,0.0,1.28
p1_det_119.png,253.0,255.0,163.0,182.0,19.1,0.0,0.0,1.24
p1_det_120.png,259.0,257.0,138.0,171.0,33.06,0.0,0.0,1.14
p1_det_121.png,297.0,285.0,179.0,195.0,20.0,0.0,0.0,1.26
p1_det_122.png,255.0,255.0,171.0,191.0,20.0,0.0,0.0,1.29
p1_det_123.png,305.0,293.0,125.0,143.0,21.63,0.0,0.0,1.57
p1_det_124.png,275.0,263.0,172.0,190.0,21.63,0.0,0.0,4.42
p1_det_125.png,255.0,258.0,138.0,167.0,29.15,0.0,0.0,1.58
p1_det_126.png,294.0,283.0,176.0,195.0,21.95,0.0,0.0,1.85
p1_det_127.png,252.0,252.0,164.0,186.0,22.0,1.0,0.0,10.17
p20_det_001.png,228.0,236.0,164.0,182.0,19.7,0.0,0.0,3.46
p20_det_002.png,228.0,234.0,165.0,179.0,15.23,0.0,0.0,1.4
p20_det_003.png,318.0,300.0,173.0,185.0,21.63,0.0,0.0,2.64
p20_det_004_crop_1.png,242.0,245.0,179.0,211.0,32.14,0.0,0.0,1.78
p20_det_004_crop_13.png,238.0,236.0,214.0,233.0,19.1,0.0,0.0,1.98
p20_det_004_crop_2.png,248.0,250.0,178.0,197.0,19.1,0.0,0.0,2.23
p20_det_004_crop_3.png,243.0,245.0,183.0,210.0,27.07,0.0,0.0,2.82
p20_det_004_crop_4.png,225.0,232.0,208.0,223.0,16.55,0.0,0.0,1.42
p20_det_004_crop_8.png,241.0,262.0,175.0,191.0,26.4,0.0,0.0,1.39
p20_det_004_crop_9.png,240.0,247.0,162.0,188.0,26.9258,0.0,0.0,1.38
p20_det_005_crop_0.png,247.0,251.0,169.0,218.0,49.16,1.0,0.0,10.53
p20_det_005_crop_11.png,257.0,257.0,168.0,190.0,22.0,0.0,0.0,3.28
p20_det_005_crop_2.png,251.0,251.0,178.0,199.0,21.0,0.0,0.0,0.74
p20_det_005_crop_7.png,226.0,230.0,204.0,217.0,13.6,0.0,0.0,1.49
p20_det_005_crop_8.png,246.0,243.0,155.0,182.0,27.17,0.0,0.0,3.27
p20_det_006_crop_0.png,258.0,258.0,186.0,205.0,19.0,0.0,0.0,1.39
p20_det_006_crop_1.png,223.0,237.0,192.0,210.0,22.8,0.0,0.0,4.62
p20_det_006_crop_4.png,249.0,249.0,176.0,189.0,13.0,0.0,0.0,1.95
p20_det_006_crop_8.png,233.0,237.0,205.0,224.0,19.42,0.0,0.0,1.79
p20_det_006_crop_9.png,244.0,250.0,165.0,191.0,26.68,0.0,0.0,3.58
p20_det_007.png,274.0,268.0,159.0,185.0,26.68,0.0,0.0,1.53
p20_det_007_crop_2.png,253.0,253.0,167.0,190.0,23.0,0.0,0.0,2.15
p20_det_007_crop_3.png,252.0,252.0,190.0,211.0,21.0,0.0,0.0,1.26
p20_det_008_crop_0.png,280.0,274.0,181.0,205.0,24.74,0.0,0.0,1.34
p20_det_008_crop_2.png,256.0,256.0,157.0,176.0,19.0,0.0,0.0,1.37
p20_det_008_crop_3.png,273.0,267.0,195.0,210.0,16.16,0.0,0.0,1.83
p20_det_009_crop_0.png,279.0,276.0,135.0,154.0,19.24,0.0,0.0,5.69
p20_det_009_crop_3.png,298.0,286.0,174.0,184.0,15.62,0.0,0.0,2.21
p20_det_010_crop_3.png,257.0,257.0,153.0,169.0,16.0,0.0,0.0,0.82
p20_det_010_crop_4.png,279.0,263.0,169.0,189.0,25.61,0.0,0.0,0.53
p20_det_012_crop_1.png,269.0,267.0,189.0,210.0,21.1,0.0,0.0,1.92
p20_det_012_crop_2.png,287.0,278.0,178.0,189.0,14.21,0.0,0.0,1.31
p20_det_012_crop_3.png,268.0,266.0,165.0,183.0,18.11,0.0,0.0,2.29
p20_det_013_crop_1.png,255.0,255.0,171.0,186.0,15.0,0.0,0.0,1.85
p20_det_013_crop_6.png,216.0,232.0,227.0,239.0,20.0,0.0,0.0,0.82
p20_det_019_crop_0.png,234.0,251.0,182.0,208.0,31.06,0.0,0.0,3.08
p20_det_019_crop_2.png,256.0,251.0,202.0,215.0,13.93,0.0,0.0,1.48
p20_det_020_crop_0.png,246.0,248.0,178.0,200.0,22.09,0.0,0.0,1.51
p20_det_020_crop_9.png,229.0,235.0,160.0,178.0,18.97,0.0,0.0,1.42
p20_det_023_crop_5.png,248.0,248.0,142.0,169.0,27.0,0.0,0.0,7.94
p20_det_024_crop_1.png,257.0,257.0,179.0,201.0,22.0,0.0,0.0,2.19
p20_det_025_crop_2.png,257.0,259.0,179.0,202.0,23.09,0.0,0.0,1.41
p20_det_029_crop_5.png,317.0,301.0,169.0,181.0,20.0,0.0,0.0,2.84
p20_det_036_crop_0.png,216.0,228.0,170.0,186.0,20.0,0.0,0.0,1.72
p20_det_037_crop_0.png,221.0,229.0,169.0,185.0,17.89,0.0,0.0,2.18
p20_det_043_crop_0.png,216.0,228.0,178.0,188.0,15.62,0.0,0.0,1.82
p20_det_045_crop_0.png,247.0,249.0,161.0,178.0,17.12,0.0,0.0,1.68
p20_det_045_crop_1.png,225.0,235.0,181.0,188.0,12.21,0.0,0.0,1.75
p20_det_045_crop_6.png,256.0,256.0,178.0,190.0,12.0,0.0,0.0,1.28
p20_det_047_crop_2.png,245.0,246.0,184.0,199.0,15.03,0.0,0.0,1.72
p20_det_050_crop_0.png,249.0,250.0,168.0,193.0,25.02,0.0,0.0,1.81
p20_det_050_crop_2.png,246.0,242.0,182.0,204.0,22.36,0.0,0.0,14.47
p20_det_052_crop_1.png,274.0,265.0,169.0,190.0,22.85,0.0,0.0,1.96
p20_det_052_crop_7.png,262.0,258.0,184.0,199.0,15.52,0.0,0.0,2.33
p20_det_053_crop_2.png,298.0,281.0,197.0,220.0,28.6,0.0,0.0,2.11
p20_det_053_crop_3.png,294.0,278.0,188.0,209.0,26.4,0.0,0.0,2.22
p20_det_058_crop_7.png,327.0,317.0,231.0,244.0,16.4,0.0,0.0,2.5
p20_det_059_crop_5.png,312.0,297.0,171.0,190.0,24.21,0.0,0.0,2.95
p20_det_059_crop_8.png,316.0,308.0,235.0,247.0,14.42,0.0,0.0,1.87
p20_det_060_crop_2.png,304.0,308.0,174.0,205.0,31.26,0.0,0.0,2.45
p20_det_061_crop_2.png,278.0,278.0,180.0,198.0,18.0,0.0,0.0,1.5
p20_det_062_crop_2.png,245.0,252.0,155.0,180.0,25.96,0.0,0.0,2.71
p20_det_071_crop_1.png,258.0,265.0,171.0,182.0,13.04,0.0,0.0,1.47
p20_det_071_crop_4.png,221.0,229.0,154.0,175.0,22.47,0.0,0.0,3.26
p20_det_073_crop_1.png,276.0,278.0,175.0,189.0,14.14,0.0,0.0,3.48
p20_det_075_crop_2.png,300.0,295.0,178.0,197.0,19.65,1.0,0.0,10.0
p20_det_085_crop_1.png,276.0,271.0,178.0,200.0,22.56,0.0,0.0,1.12
p20_det_086_crop_5.png,305.0,295.0,162.0,180.0,20.59,0.0,0.0,1.04
p20_det_087_crop_6.png,274.0,272.0,149.0,164.0,15.13,0.0,0.0,2.78
p20_det_088_crop_0.png,288.0,288.0,168.0,190.0,22.0,0.0,0.0,0.53
p20_det_088_crop_3.png,263.0,261.0,197.0,213.0,16.12,0.0,0.0,0.13
p21_det_001_crop_2.png,319.0,293.0,243.0,244.0,26.02,0.0,0.0,0.6
p21_det_002_crop_1.png,320.0,300.0,232.0,234.0,20.1,0.0,0.0,0.93
p21_det_002_crop_4.png,288.0,268.0,214.0,226.0,23.32,0.0,0.0,5.31
p21_det_003.png,231.0,239.0,200.0,212.0,14.42,0.0,0.0,4.21
p21_det_007_crop_1.png,289.0,274.0,198.0,221.0,27.46,0.0,0.0,1.96
p21_det_008_crop_1.png,289.0,275.0,195.0,220.0,28.65,0.0,0.0,1.27
p21_det_014_crop_0.png,288.0,273.0,209.0,232.0,27.46,0.0,0.0,2.44
p21_det_015_crop_0.png,284.0,276.0,185.0,198.0,15.26,0.0,0.0,2.31
p21_det_022_crop_1.png,228.0,237.0,239.0,254.0,17.49,0.0,0.0,2.29
p21_det_024_crop_0.png,286.0,280.0,201.0,225.0,24.74,0.0,0.0,1.13
p21_det_024_crop_2.png,292.0,282.0,195.0,212.0,19.72,0.0,0.0,1.07
p21_det_024_crop_3.png,230.0,239.0,199.0,219.0,21.93,0.0,0.0,1.12
p21_det_024_crop_9.png,258.0,256.0,219.0,235.0,16.12,0.0,0.0,1.2
p21_det_026_crop_0.png,277.0,275.0,205.0,225.0,20.1,0.0,0.0,1.05
p21_det_026_crop_10.png,295.0,287.0,229.0,243.0,16.12,0.0,0.0,1.57
p21_det_026_crop_2.png,255.0,259.0,198.0,210.0,12.65,0.0,0.0,1.37
p21_det_027_crop_0.png,274.0,268.0,203.0,226.0,23.77,0.0,0.0,3.18
p21_det_028_crop_0.png,268.0,262.0,201.0,213.0,13.42,0.0,0.0,1.32
p21_det_028_crop_2.png,270.0,268.0,202.0,226.0,24.08,0.0,0.0,2.5
p21_det_028_crop_6.png,278.0,265.0,220.0,240.0,23.85,0.0,0.0,3.53
p21_det_044_crop_2.png,213.0,237.0,211.0,230.0,30.61,0.0,0.0,11.51
p22_det_001.png,202.0,208.0,158.0,191.0,33.54,0.0,0.0,2.11
p22_det_001_crop_1.png,260.0,257.0,162.0,177.0,15.3,0.0,0.0,1.45
p22_det_001_crop_2.png,243.0,262.0,167.0,204.0,41.59,0.0,0.0,3.1
p22_det_001_crop_4.png,190.0,205.0,178.0,208.0,33.54,0.0,0.0,2.03
p22_det_001_crop_6.png,189.0,205.0,227.0,253.0,30.53,0.0,0.0,1.27
p22_det_002.png,192.0,204.0,169.0,196.0,29.55,0.0,0.0,1.96
p22_det_002_crop_0.png,251.0,255.0,149.0,168.0,19.42,0.0,0.0,0.36
p22_det_002_crop_2.png,208.0,209.0,160.0,190.0,30.02,1.0,0.0,1.55
p22_det_003.png,214.0,217.0,159.0,196.0,37.12,0.0,0.0,0.45
p22_det_003_crop_6.png,244.0,244.0,157.0,184.0,27.0,0.0,0.0,1.27
p22_det_004.png,265.0,259.0,136.0,176.0,40.45,1.0,0.0,9.67
p22_det_004_crop_1.png,247.0,247.0,154.0,181.0,27.0,0.0,0.0,2.87
p22_det_005.png,264.0,255.0,142.0,178.0,37.11,1.0,0.0,12.39
p22_det_005_crop_1.png,250.0,256.0,153.0,179.0,26.68,0.0,0.0,2.63
p22_det_005_crop_4.png,252.0,247.0,162.0,187.0,25.5,0.0,0.0,1.16
p22_det_006.png,264.0,258.0,103.0,149.0,46.39,0.0,0.0,1.2
p22_det_006_crop_0.png,229.0,235.0,142.0,174.0,32.56,0.0,0.0,1.43
p22_det_006_crop_3.png,264.0,266.0,144.0,176.0,32.06,0.0,0.0,2.89
p22_det_007.png,268.0,261.0,72.0,112.0,40.61,0.0,0.0,1.19
p22_det_008.png,226.0,244.0,151.0,175.0,30.0,0.0,0.0,1.23
p22_det_009.png,225.0,243.0,145.0,169.0,30.0,0.0,0.0,1.94
p22_det_009_crop_0.png,266.0,258.0,171.0,193.0,23.41,0.0,0.0,1.11
p22_det_011.png,231.0,245.0,145.0,171.0,29.53,0.0,0.0,1.45
p22_det_012_crop_2.png,235.0,231.0,143.0,166.0,23.35,0.0,0.0,1.48
p22_det_014.png,303.0,284.0,194.0,224.0,35.51,0.0,0.0,1.29
p22_det_014_crop_0.png,234.0,230.0,168.0,182.0,14.56,0.0,0.0,2.02
p22_det_015.png,300.0,284.0,185.0,218.0,36.67,0.0,0.0,1.75
p22_det_015_crop_0.png,254.0,257.0,172.0,208.0,36.12,0.0,0.0,0.94
p22_det_015_crop_1.png,279.0,273.0,174.0,193.0,19.92,0.0,0.0,1.72
p22_det_015_crop_2.png,267.0,265.0,149.0,182.0,33.06,0.0,0.0,1.27
p22_det_015_crop_8.png,262.0,260.0,166.0,208.0,42.05,0.0,0.0,1.0
p22_det_016.png,306.0,310.0,171.0,196.0,25.32,0.0,0.0,1.3
p22_det_017.png,301.0,287.0,201.0,225.0,27.78,0.0,0.0,1.13
p22_det_017_crop_1.png,282.0,271.0,175.0,192.0,20.25,0.0,0.0,1.1
p22_det_018.png,294.0,274.0,171.0,198.0,33.6,1.0,0.0,13.46
p22_det_019.png,272.0,270.0,160.0,189.0,29.07,0.0,0.0,1.13
p22_det_020.png,276.0,268.0,159.0,192.0,33.96,0.0,0.0,3.62
p22_det_021.png,276.0,270.0,184.0,207.0,23.77,0.0,0.0,1.14
p22_det_021_crop_2.png,259.0,261.0,165.0,194.0,29.07,0.0,0.0,0.98
p22_det_022.png,301.0,284.0,194.0,217.0,28.6,0.0,0.0,1.8
p22_det_023.png,298.0,269.0,173.0,198.0,38.29,1.0,0.0,5.22
p22_det_023_crop_1.png,273.0,259.0,176.0,198.0,26.08,0.0,0.0,2.53
p22_det_023_crop_3.png,278.0,257.0,161.0,194.0,39.12,0.0,0.0,1.09
p22_det_024.png,302.0,280.0,199.0,226.0,34.83,0.0,0.0,1.11
p22_det_025.png,244.0,259.0,139.0,195.0,57.97,1.0,1.0,27.29
p22_det_025_crop_1.png,278.0,267.0,204.0,227.0,25.5,0.0,0.0,2.14
p22_det_026.png,250.0,261.0,135.0,197.0,62.97,1.0,0.0,12.22
p22_det_027.png,247.0,254.0,141.0,196.0,55.44,0.0,0.0,1.76
p22_det_027_crop_4.png,262.0,263.0,141.0,189.0,48.01,0.0,1.0,15.25
p22_det_028.png,256.0,254.0,141.0,196.0,55.04,0.0,0.0,2.62
p22_det_029.png,248.0,252.0,151.0,202.0,51.16,0.0,0.0,1.0
p22_det_030.png,251.0,257.0,140.0,189.0,49.37,0.0,0.0,1.1
p22_det_030_crop_3.png,275.0,266.0,150.0,176.0,27.51,0.0,0.0,3.42
p22_det_030_crop_6.png,237.0,244.0,155.0,191.0,36.67,1.0,1.0,16.55
p22_det_031.png,255.0,253.0,189.0,208.0,19.1,0.0,0.0,3.21
p22_det_031_crop_3.png,256.0,252.0,147.0,172.0,25.32,0.0,0.0,1.84
p22_det_031_crop_4.png,262.0,264.0,139.0,173.0,34.06,1.0,0.0,7.79
p22_det_032.png,257.0,259.0,164.0,181.0,17.12,0.0,0.0,6.35
p22_det_032_crop_2.png,261.0,259.0,148.0,179.0,31.06,0.0,0.0,1.21
p22_det_032_crop_4.png,241.0,251.0,166.0,186.0,22.36,0.0,0.0,1.83
p22_det_032_crop_7.png,255.0,253.0,142.0,178.0,36.06,1.0,0.0,9.71
p22_det_034_crop_3.png,233.0,241.0,202.0,217.0,17.0,0.0,0.0,1.61
p22_det_034_crop_6.png,277.0,274.0,152.0,168.0,16.28,0.0,0.0,3.15
p22_det_035_crop_2.png,244.0,251.0,165.0,197.0,32.76,0.0,0.0,1.26
p22_det_036_crop_3.png,262.0,265.0,157.0,183.0,26.17,0.0,0.0,1.45
p22_det_040_crop_2.png,214.0,216.0,169.0,199.0,30.07,0.0,0.0,2.25
p22_det_042_crop_0.png,217.0,221.0,168.0,202.0,34.23,1.0,1.0,12.75
p22_det_043_crop_0.png,187.0,200.0,169.0,190.0,24.7,0.0,0.0,1.18
p22_det_045_crop_0.png,210.0,226.0,160.0,191.0,34.89,0.0,0.0,1.03
p22_det_046_crop_4.png,210.0,233.0,147.0,180.0,40.22,0.0,0.0,0.91
p22_det_048_crop_1.png,207.0,231.0,142.0,178.0,43.27,0.0,0.0,0.91
p22_det_051_crop_3.png,216.0,226.0,145.0,179.0,35.44,1.0,0.0,4.47
p22_det_054_crop_0.png,224.0,233.0,167.0,193.0,27.51,0.0,0.0,1.08
p22_det_057_crop_8.png,246.0,248.0,186.0,209.0,23.09,0.0,1.0,5.79
p22_det_066_crop_6.png,243.0,241.0,167.0,193.0,26.08,1.0,0.0,7.1
p22_det_072_crop_0.png,290.0,273.0,157.0,189.0,36.24,0.0,0.0,1.07
p22_det_073_crop_4.png,260.0,258.0,143.0,186.0,43.05,1.0,0.0,3.09
p22_det_074_crop_1.png,251.0,259.0,142.0,188.0,46.69,0.0,0.0,0.31
p22_det_075_crop_3.png,255.0,250.0,202.0,238.0,36.35,1.0,0.0,3.3
p22_det_086_crop_1.png,272.0,277.0,179.0,210.0,31.4,0.0,0.0,2.96
p22_det_086_crop_2.png,282.0,266.0,160.0,184.0,28.84,0.0,0.0,1.1
p22_det_088_crop_0.png,240.0,247.0,142.0,171.0,29.83,0.0,0.0,0.99
p22_det_090_crop_1.png,280.0,284.0,140.0,170.0,30.27,0.0,0.0,1.19
p22_det_091_crop_1.png,278.0,282.0,138.0,166.0,28.28,0.0,0.0,4.37
p22_det_092_crop_0.png,283.0,277.0,123.0,164.0,41.44,0.0,0.0,1.07
p22_det_093_crop_1.png,266.0,259.0,148.0,183.0,35.69,0.0,0.0,1.0
p22_det_094_crop_0.png,233.0,239.0,134.0,168.0,34.53,0.0,0.0,1.07
p22_det_094_crop_1.png,237.0,241.0,163.0,203.0,40.2,0.0,0.0,1.03
p22_det_094_crop_2.png,237.0,249.0,145.0,169.0,26.83,0.0,0.0,1.02
p22_det_094_crop_3.png,260.0,258.0,153.0,187.0,34.06,0.0,0.0,2.65
p22_det_096_crop_0.png,273.0,271.0,140.0,175.0,35.06,0.0,0.0,1.94
p22_det_096_crop_2.png,248.0,257.0,138.0,166.0,29.41,0.0,0.0,4.29
p22_det_098_crop_0.png,255.0,261.0,136.0,177.0,41.44,1.0,1.0,8.61
p22_det_098_crop_1.png,298.0,282.0,153.0,172.0,24.84,0.0,0.0,2.01
p22_det_100_crop_0.png,291.0,269.0,183.0,204.0,30.41,0.0,0.0,1.19
p22_det_100_crop_1.png,290.0,280.0,172.0,190.0,20.59,0.0,0.0,3.48
p22_det_100_crop_2.png,271.0,269.0,150.0,188.0,38.05,0.0,0.0,1.22
p22_det_101_crop_0.png,291.0,270.0,185.0,202.0,27.02,0.0,0.0,1.41
p22_det_101_crop_1.png,292.0,280.0,180.0,190.0,15.62,0.0,0.0,2.0
p22_det_101_crop_2.png,278.0,271.0,150.0,191.0,41.59,1.0,0.0,8.48
p22_det_102_crop_0.png,287.0,270.0,185.0,200.0,22.67,0.0,0.0,1.16
p22_det_102_crop_3.png,289.0,275.0,171.0,189.0,22.8,0.0,0.0,1.03
p22_det_102_crop_4.png,235.0,232.0,128.0,154.0,26.17,0.0,0.0,1.34
p22_det_104_crop_0.png,311.0,292.0,177.0,207.0,35.51,1.0,1.0,14.04
p22_det_104_crop_7.png,227.0,224.0,113.0,139.0,26.17,0.0,0.0,3.17
p22_det_107_crop_0.png,264.0,259.0,134.0,163.0,29.43,0.0,0.0,1.37
p22_det_107_crop_3.png,224.0,226.0,130.0,174.0,44.05,0.0,0.0,1.62
p22_det_108_crop_1.png,255.0,256.0,136.0,169.0,33.02,0.0,0.0,1.24
p22_det_108_crop_4.png,221.0,223.0,134.0,174.0,40.05,0.0,0.0,1.15
p22_det_109_crop_2.png,228.0,232.0,143.0,185.0,42.19,0.0,0.0,0.94
p22_det_111_crop_3.png,297.0,290.0,159.0,186.0,27.89,0.0,0.0,1.25
p22_det_112_crop_0.png,284.0,280.0,162.0,186.0,24.33,0.0,0.0,2.42
p22_det_112_crop_2.png,243.0,249.0,141.0,182.0,41.44,0.0,1.0,10.16
p22_det_113_crop_0.png,291.0,279.0,164.0,196.0,34.18,0.0,0.0,3.69
p22_det_115_crop_2.png,284.0,284.0,146.0,176.0,30.0,0.0,0.0,1.1
p22_det_116_crop_2.png,290.0,285.0,148.0,171.0,23.54,0.0,0.0,9.61
p22_det_118_crop_0.png,213.0,239.0,182.0,229.0,53.71,1.0,1.0,30.41
p22_det_118_crop_4.png,225.0,232.0,172.0,188.0,17.46,0.0,0.0,2.81
p22_det_120_crop_6.png,237.0,239.0,160.0,191.0,31.06,1.0,0.0,5.36
p22_det_122_crop_2.png,237.0,244.0,164.0,187.0,24.04,0.0,0.0,1.97
p22_det_124_crop_4.png,234.0,243.0,233.0,267.0,35.17,0.0,0.0,1.42
p22_det_129_crop_0.png,305.0,298.0,152.0,172.0,21.19,0.0,0.0,1.34
p22_det_135_crop_0.png,268.0,268.0,143.0,162.0,19.0,0.0,0.0,1.4
p22_det_135_crop_3.png,338.0,324.0,188.0,196.0,16.12,0.0,0.0,1.39
p22_det_142_crop_2.png,306.0,295.0,184.0,217.0,34.79,0.0,0.0,1.67
p22_det_147_crop_3.png,287.0,273.0,174.0,210.0,38.63,0.0,0.0,1.58
p22_det_149_crop_1.png,296.0,285.0,149.0,175.0,28.23,0.0,0.0,3.21
p23_det_001.png,252.0,254.0,147.0,174.0,27.07,0.0,0.0,3.26
p23_det_002.png,255.0,253.0,158.0,180.0,22.09,0.0,0.0,0.97
p23_det_003.png,265.0,260.0,160.0,194.0,34.37,0.0,0.0,2.58
p23_det_003_crop_0.png,243.0,251.0,207.0,223.0,17.89,0.0,0.0,1.41
p23_det_004.png,341.0,315.0,170.0,192.0,34.06,0.0,0.0,1.98
p23_det_005.png,344.0,330.0,118.0,139.0,25.24,0.0,0.0,4.15
p23_det_005_crop_0.png,281.0,261.0,181.0,208.0,33.6,0.0,0.0,2.96
p23_det_006.png,348.0,333.0,78.0,102.0,28.3,0.0,0.0,1.21
p23_det_006_crop_0.png,268.0,263.0,167.0,205.0,38.33,0.0,0.0,3.89
p23_det_007.png,340.0,322.0,109.0,133.0,30.0,0.0,0.0,1.28
p23_det_007_crop_0.png,282.0,261.0,180.0,213.0,39.12,0.0,0.0,1.86
p23_det_007_crop_1.png,273.0,266.0,170.0,187.0,18.38,0.0,0.0,1.56
p23_det_008.png,350.0,328.0,104.0,127.0,31.83,0.0,0.0,1.61
p23_det_008_crop_0.png,265.0,267.0,157.0,186.0,29.07,0.0,0.0,1.38
p23_det_008_crop_3.png,247.0,249.0,147.0,174.0,27.07,0.0,0.0,1.19
p23_det_009_crop_0.png,263.0,265.0,162.0,192.0,30.07,0.0,0.0,1.06
p23_det_009_crop_1.png,262.0,258.0,149.0,180.0,31.26,0.0,0.0,1.27
p23_det_009_crop_4.png,249.0,247.0,145.0,173.0,28.07,0.0,0.0,1.01
p23_det_010_crop_0.png,250.0,257.0,153.0,185.0,32.76,1.0,1.0,10.21
p23_det_010_crop_2.png,264.0,262.0,163.0,191.0,28.07,0.0,0.0,1.12
p23_det_014_crop_1.png,261.0,250.0,170.0,186.0,19.42,0.0,0.0,1.29
p23_det_014_crop_4.png,329.0,312.0,116.0,139.0,28.6,0.0,0.0,1.55
p23_det_015_crop_0.png,266.0,253.0,173.0,186.0,18.38,0.0,0.0,1.47
p23_det_015_crop_1.png,217.0,235.0,164.0,190.0,31.62,0.0,0.0,1.34
p23_det_015_crop_2.png,210.0,214.0,153.0,184.0,31.26,0.0,0.0,1.17
p23_det_017_crop_0.png,278.0,270.0,165.0,201.0,36.88,1.0,0.0,5.74
p23_det_017_crop_1.png,301.0,285.0,166.0,188.0,27.2,0.0,0.0,1.59
p23_det_017_crop_4.png,273.0,270.0,147.0,181.0,34.13,1.0,0.0,6.16
p23_det_017_crop_5.png,278.0,269.0,164.0,186.0,23.77,0.0,0.0,3.16
p23_det_018_crop_0.png,286.0,270.0,164.0,201.0,40.31,1.0,0.0,11.51
p23_det_018_crop_2.png,303.0,287.0,165.0,183.0,24.08,0.0,0.0,1.13
p23_det_019_crop_0.png,273.0,269.0,155.0,181.0,26.31,0.0,0.0,0.93
p23_det_019_crop_1.png,278.0,276.0,151.0,188.0,37.05,0.0,0.0,3.95
p23_det_019_crop_2.png,291.0,280.0,152.0,170.0,21.1,0.0,0.0,0.91
p2_det_001.png,212.0,224.0,171.0,185.0,18.44,0.0,0.0,3.08
p2_det_002.png,238.0,247.0,166.0,183.0,19.24,0.0,0.0,1.7
p2_det_002_crop_1.png,226.0,242.0,202.0,214.0,20.0,0.0,0.0,1.25
p2_det_003.png,249.0,257.0,167.0,189.0,23.41,0.0,0.0,1.29
p2_det_005_crop_1.png,233.0,244.0,183.0,198.0,18.6,0.0,0.0,13.23
p2_det_007_crop_1.png,240.0,244.0,188.0,205.0,17.46,0.0,0.0,2.17
p2_det_008_crop_2.png,229.0,240.0,189.0,203.0,17.8,0.0,0.0,1.55
p2_det_011_crop_3.png,240.0,248.0,220.0,234.0,16.12,0.0,0.0,2.44
p2_det_013_crop_1.png,270.0,252.0,151.0,205.0,56.92,1.0,1.0,14.81
p2_det_014_crop_0.png,263.0,259.0,178.0,210.0,32.25,1.0,1.0,9.72
p2_det_015_crop_0.png,260.0,257.0,178.0,206.0,28.16,1.0,0.0,14.86
p2_det_016_crop_7.png,247.0,249.0,217.0,241.0,24.08,0.0,0.0,8.27
p3_det_001.png,289.0,281.0,148.0,173.0,26.25,0.0,0.0,2.37
p3_det_002.png,231.0,243.0,186.0,201.0,19.21,0.0,0.0,1.28
p3_det_003.png,272.0,278.0,152.0,173.0,21.84,0.0,0.0,3.67
p3_det_003_crop_0.png,276.0,274.0,158.0,190.0,32.06,0.0,0.0,1.44
p3_det_003_crop_1.png,256.0,258.0,164.0,194.0,30.07,0.0,0.0,1.0
p3_det_004.png,263.0,262.0,168.0,191.0,23.02,0.0,0.0,0.96
p3_det_005.png,238.0,248.0,185.0,205.0,22.36,0.0,0.0,1.54
p3_det_006.png,263.0,257.0,174.0,201.0,27.66,0.0,0.0,1.52
p3_det_007.png,269.0,259.0,200.0,212.0,15.62,0.0,0.0,3.07
p3_det_008_crop_0.png,292.0,273.0,154.0,182.0,33.84,0.0,0.0,2.15
p3_det_010_crop_0.png,235.0,249.0,197.0,217.0,24.41,0.0,0.0,2.12
p3_det_010_crop_2.png,283.0,277.0,158.0,188.0,30.59,0.0,0.0,1.94
p3_det_012_crop_0.png,266.0,271.0,158.0,180.0,22.56,0.0,0.0,1.58
p3_det_012_crop_1.png,255.0,253.0,160.0,193.0,33.06,0.0,0.0,1.49
p3_det_013_crop_0.png,287.0,277.0,160.0,188.0,29.73,0.0,0.0,1.66
p3_det_013_crop_3.png,281.0,274.0,168.0,187.0,20.25,0.0,0.0,1.0
p3_det_025_crop_1.png,262.0,256.0,186.0,211.0,25.71,0.0,0.0,1.37
p3_det_033_crop_0.png,258.0,256.0,189.0,211.0,22.09,0.0,0.0,1.08
p4_det_001.png,252.0,250.0,174.0,193.0,19.1,0.0,0.0,1.96
p4_det_002.png,301.0,286.0,213.0,223.0,18.03,0.0,0.0,1.74
p4_det_003.png,267.0,269.0,187.0,205.0,18.11,0.0,0.0,1.27
p4_det_004.png,274.0,266.0,183.0,197.0,16.12,0.0,0.0,1.36
p4_det_005.png,287.0,273.0,133.0,155.0,26.08,0.0,0.0,1.32
p4_det_006.png,303.0,288.0,152.0,169.0,22.67,0.0,0.0,1.08
p4_det_008_crop_0.png,273.0,261.0,190.0,204.0,18.44,0.0,0.0,1.18
p4_det_010_crop_2.png,296.0,276.0,152.0,176.0,31.24,0.0,0.0,1.02
p4_det_018_crop_2.png,253.0,257.0,195.0,219.0,24.33,0.0,0.0,1.29
p4_det_028_crop_4.png,265.0,259.0,247.0,268.0,21.84,0.0,0.0,4.09
p4_det_029_crop_1.png,291.0,286.0,201.0,230.0,29.43,1.0,1.0,15.45
p4_det_036_crop_3.png,256.0,256.0,175.0,208.0,33.0,0.0,0.0,1.52
p4_det_036_crop_8.png,263.0,259.0,228.0,251.0,23.35,0.0,0.0,3.56
p4_det_038_crop_1.png,294.0,286.0,191.0,214.0,24.35,0.0,0.0,3.71
p4_det_039_crop_1.png,297.0,283.0,200.0,216.0,21.26,0.0,0.0,2.52
p4_det_043_crop_1.png,292.0,282.0,168.0,194.0,27.86,0.0,0.0,1.14
p4_det_044_crop_0.png,269.0,263.0,167.0,190.0,23.77,0.0,0.0,2.92
p4_det_053_crop_6.png,280.0,276.0,168.0,194.0,26.31,0.0,0.0,1.66
p4_det_054_crop_7.png,294.0,280.0,170.0,198.0,31.3,0.0,0.0,1.71
p4_det_058_crop_2.png,268.0,270.0,181.0,205.0,24.08,0.0,0.0,2.49
p4_det_058_crop_4.png,291.0,273.0,223.0,234.0,21.1,0.0,0.0,5.34
p4_det_059_crop_1.png,251.0,264.0,183.0,200.0,21.4,0.0,0.0,4.2
p4_det_060_crop_1.png,276.0,275.0,177.0,199.0,22.02,0.0,0.0,4.17
p4_det_061_crop_1.png,270.0,270.0,183.0,203.0,20.0,0.0,0.0,4.11
p4_det_061_crop_3.png,285.0,273.0,213.0,225.0,16.97,0.0,0.0,1.55
p4_det_066_crop_6.png,288.0,281.0,170.0,196.0,26.93,0.0,0.0,3.41
p4_det_070_crop_0.png,196.0,206.0,191.0,204.0,16.4,0.0,0.0,1.11
p4_det_074_crop_0.png,287.0,257.0,155.0,174.0,35.51,0.0,0.0,1.6
p4_det_074_crop_5.png,197.0,219.0,195.0,221.0,34.06,0.0,0.0,4.33
p4_det_074_crop_7.png,238.0,263.0,185.0,202.0,30.23,0.0,0.0,1.32
p4_det_075_crop_0.png,279.0,260.0,155.0,178.0,29.83,0.0,0.0,1.19
p4_det_075_crop_4.png,269.0,264.0,173.0,208.0,35.36,0.0,0.0,1.14
p4_det_079_crop_3.png,196.0,224.0,199.0,218.0,33.84,0.0,0.0,1.27
p4_det_085_crop_0.png,257.0,255.0,160.0,187.0,27.07,0.0,0.0,1.88
p4_det_085_crop_7.png,261.0,269.0,126.0,152.0,27.2,0.0,0.0,5.43
p4_det_086_crop_0.png,259.0,257.0,162.0,191.0,29.07,0.0,0.0,2.63
p4_det_086_crop_4.png,275.0,271.0,122.0,152.0,30.27,0.0,0.0,3.83
p5_det_001.png,278.0,272.0,183.0,197.0,15.23,0.0,0.0,1.13
p5_det_002.png,263.0,256.0,197.0,207.0,12.21,0.0,0.0,1.86
p5_det_003.png,271.0,263.0,207.0,224.0,18.79,0.0,0.0,1.11
p5_det_004.png,266.0,266.0,222.0,238.0,16.0,0.0,0.0,3.35
p5_det_005.png,294.0,274.0,180.0,216.0,41.18,1.0,1.0,28.67
p5_det_007.png,259.0,253.0,205.0,235.0,30.59,1.0,1.0,12.86
p5_det_008.png,272.0,274.0,142.0,172.0,30.07,0.0,0.0,2.16
p5_det_009.png,279.0,258.0,176.0,221.0,49.66,1.0,1.0,6.79
p5_det_010.png,274.0,266.0,238.0,257.0,20.62,0.0,0.0,1.53
p5_det_011.png,278.0,278.0,166.0,190.0,24.0,0.0,0.0,1.86
p5_det_012.png,283.0,269.0,163.0,181.0,22.8,0.0,0.0,1.98
p5_det_013.png,295.0,293.0,153.0,171.0,18.11,0.0,0.0,2.34
p5_det_014.png,300.0,296.0,172.0,190.0,18.44,0.0,0.0,0.93
p5_det_015.png,254.0,250.0,212.0,236.0,24.33,0.0,0.0,2.62
p5_det_016.png,263.0,261.0,183.0,200.0,17.12,0.0,0.0,1.33
p5_det_017.png,234.0,234.0,139.0,160.0,21.0,0.0,0.0,1.21
p5_det_018.png,171.0,183.0,73.0,101.0,30.46,0.0,0.0,1.27
p5_det_019.png,267.0,252.0,146.0,171.0,29.15,0.0,0.0,1.19
p5_det_020.png,264.0,262.0,207.0,232.0,25.08,0.0,0.0,1.39
p5_det_021.png,274.0,260.0,142.0,160.0,22.8,0.0,0.0,1.18
p5_det_022.png,251.0,250.0,143.0,181.0,38.01,1.0,1.0,15.48
p5_det_023.png,162.0,178.0,77.0,101.0,28.84,0.0,0.0,1.91
p5_det_024.png,259.0,253.0,144.0,183.0,39.46,0.0,0.0,1.69
p5_det_025.png,269.0,260.0,138.0,158.0,21.93,0.0,0.0,1.55
p5_det_026.png,237.0,235.0,149.0,189.0,40.05,0.0,0.0,1.42
p5_det_027.png,220.0,232.0,135.0,155.0,23.32,0.0,0.0,0.96
p5_det_028.png,203.0,213.0,156.0,168.0,15.62,0.0,0.0,1.24
p5_det_029.png,245.0,250.0,151.0,162.0,12.08,0.0,0.0,2.46
p5_det_030.png,231.0,242.0,161.0,180.0,21.95,0.0,0.0,2.63
p5_det_031.png,255.0,255.0,156.0,175.0,19.0,0.0,0.0,1.23
p5_det_032.png,280.0,261.0,214.0,223.0,21.02,0.0,0.0,3.62
p5_det_033.png,270.0,259.0,151.0,175.0,26.4,0.0,0.0,2.14
p5_det_034.png,284.0,277.0,161.0,190.0,29.83,1.0,0.0,5.62
p5_det_035.png,259.0,275.0,169.0,192.0,28.02,0.0,0.0,1.26
p5_det_036.png,324.0,295.0,150.0,171.0,35.81,1.0,0.0,10.66
p5_det_037.png,220.0,232.0,174.0,192.0,21.63,0.0,0.0,1.49
p5_det_038.png,226.0,245.0,201.0,221.0,27.59,0.0,0.0,1.19
p5_det_039.png,248.0,255.0,108.0,136.0,28.86,0.0,0.0,1.31
p5_det_040.png,270.0,270.0,152.0,190.0,38.0,0.0,0.0,1.1
p5_det_041.png,238.0,248.0,155.0,184.0,30.68,0.0,0.0,1.98
p5_det_042.png,228.0,233.0,161.0,188.0,27.46,0.0,0.0,1.19
p5_det_043.png,255.0,255.0,174.0,207.0,33.0,0.0,0.0,1.18
p5_det_044.png,268.0,273.0,195.0,226.0,31.4,0.0,0.0,1.24
p6_det_001.png,262.0,260.0,167.0,205.0,38.05,0.0,0.0,1.28
p6_det_002.png,246.0,246.0,147.0,186.0,39.0,0.0,0.0,1.21
p6_det_003.png,271.0,264.0,159.0,180.0,22.14,0.0,0.0,2.05
p6_det_006.png,268.0,260.0,158.0,179.0,22.47,0.0,0.0,1.81
p6_det_007.png,267.0,270.0,203.0,226.0,23.19,0.0,0.0,5.55
p6_det_008.png,270.0,270.0,192.0,214.0,22.0,0.0,0.0,3.17
p6_det_009.png,257.0,255.0,192.0,216.0,24.08,0.0,0.0,1.11
p6_det_010.png,253.0,251.0,191.0,215.0,24.08,0.0,0.0,0.92
p6_det_011.png,301.0,292.0,187.0,204.0,19.24,0.0,0.0,1.35
p6_det_012.png,264.0,262.0,171.0,202.0,31.06,0.0,0.0,1.96
p6_det_013.png,264.0,262.0,183.0,208.0,25.08,0.0,0.0,1.01
p6_det_014.png,249.0,251.0,171.0,198.0,27.07,0.0,0.0,0.99
p6_det_015.png,290.0,284.0,209.0,235.0,26.68,0.0,0.0,1.28
p6_det_016.png,271.0,267.0,182.0,204.0,22.36,0.0,0.0,1.09
p6_det_017.png,290.0,272.0,182.0,192.0,20.59,0.0,0.0,1.11
p6_det_018.png,287.0,289.0,154.0,182.0,28.07,0.0,0.0,1.04
p6_det_019.png,250.0,252.0,182.0,199.0,17.12,0.0,0.0,1.31
p6_det_020.png,267.0,271.0,202.0,227.0,25.32,0.0,0.0,1.31
p6_det_021.png,266.0,267.0,176.0,203.0,27.02,0.0,0.0,1.14
p6_det_022.png,282.0,282.0,210.0,229.0,19.0,0.0,0.0,1.09
p6_det_023.png,272.0,275.0,179.0,212.0,33.14,0.0,0.0,1.1
p6_det_024.png,284.0,275.0,161.0,186.0,26.57,0.0,0.0,1.24
p6_det_025.png,264.0,252.0,165.0,192.0,29.55,0.0,0.0,3.05
p6_det_026.png,268.0,266.0,178.0,200.0,22.09,0.0,0.0,2.99
p6_det_027.png,247.0,243.0,149.0,185.0,36.22,0.0,0.0,1.14
p6_det_028.png,262.0,262.0,164.0,193.0,29.0,0.0,0.0,3.23
p6_det_029.png,259.0,259.0,174.0,196.0,22.0,0.0,0.0,1.24
p6_det_030.png,247.0,254.0,203.0,243.0,40.61,0.0,0.0,1.38
p6_det_031.png,245.0,253.0,195.0,244.0,49.65,0.0,0.0,0.96
p6_det_032.png,243.0,249.0,135.0,170.0,35.51,0.0,0.0,1.14
p6_det_033.png,250.0,255.0,170.0,199.0,29.43,0.0,0.0,0.9
p6_det_034.png,239.0,247.0,160.0,189.0,30.08,0.0,0.0,1.13
p6_det_035.png,254.0,261.0,180.0,225.0,45.54,0.0,0.0,1.9
p6_det_036.png,265.0,263.0,96.0,139.0,43.05,0.0,0.0,1.83
p6_det_037.png,230.0,241.0,186.0,208.0,24.6,0.0,0.0,1.98
p6_det_038.png,272.0,264.0,181.0,207.0,27.2,0.0,0.0,1.6
p6_det_039.png,260.0,260.0,155.0,182.0,27.0,0.0,0.0,1.35
p6_det_040.png,270.0,265.0,173.0,200.0,27.46,0.0,0.0,1.11
p6_det_041.png,290.0,279.0,164.0,201.0,38.6,0.0,0.0,1.96
p6_det_042.png,316.0,291.0,162.0,181.0,31.4,0.0,0.0,3.18
p6_det_043.png,288.0,286.0,156.0,184.0,28.07,0.0,0.0,1.43
p6_det_044.png,272.0,270.0,189.0,207.0,18.11,0.0,0.0,1.43
p6_det_045.png,257.0,261.0,193.0,214.0,21.38,0.0,0.0,3.9
p6_det_046.png,286.0,271.0,167.0,190.0,27.46,0.0,0.0,1.26
p6_det_047.png,232.0,238.0,139.0,163.0,24.74,0.0,0.0,1.88
p6_det_048.png,229.0,238.0,138.0,168.0,31.32,0.0,0.0,1.07
p6_det_050.png,260.0,260.0,107.0,146.0,39.0,0.0,0.0,0.99
p7_det_001_crop_0.png,240.0,255.0,165.0,190.0,29.15,0.0,0.0,1.2
p7_det_001_crop_1.png,225.0,241.0,170.0,202.0,35.78,1.0,0.0,14.15
p7_det_001_crop_2.png,228.0,240.0,159.0,180.0,24.19,0.0,0.0,1.39
p7_det_001_crop_3.png,236.0,255.0,127.0,159.0,37.22,1.0,1.0,8.09
p7_det_002_crop_0.png,238.0,244.0,150.0,177.0,27.66,0.0,0.0,4.46
p7_det_002_crop_1.png,258.0,253.0,166.0,188.0,22.56,0.0,0.0,1.25
p7_det_002_crop_2.png,242.0,238.0,164.0,189.0,25.32,0.0,0.0,1.12
p7_det_002_crop_3.png,269.0,262.0,164.0,195.0,31.78,1.0,0.0,9.78
p7_det_002_crop_4.png,260.0,270.0,131.0,158.0,28.79,0.0,0.0,1.29
p7_det_003_crop_1.png,268.0,262.0,171.0,186.0,16.16,0.0,0.0,1.33
p7_det_003_crop_2.png,283.0,272.0,175.0,199.0,26.4,1.0,0.0,9.42
p7_det_003_crop_3.png,269.0,265.0,158.0,183.0,25.32,1.0,1.0,9.1
p7_det_003_crop_4.png,281.0,274.0,171.0,191.0,21.19,0.0,0.0,5.59
p7_det_003_crop_6.png,272.0,265.0,160.0,191.0,31.78,0.0,0.0,1.23
p7_det_003_crop_7.png,271.0,272.0,141.0,170.0,29.02,0.0,0.0,1.0
p7_det_005_crop_0.png,279.0,271.0,186.0,217.0,32.02,0.0,0.0,1.15
p7_det_005_crop_1.png,287.0,279.0,178.0,190.0,14.42,0.0,0.0,3.34
p7_det_005_crop_3.png,223.0,235.0,144.0,168.0,26.83,0.0,0.0,1.1
p7_det_005_crop_5.png,298.0,294.0,152.0,176.0,24.33,0.0,0.0,1.33
p7_det_006_crop_0.png,294.0,284.0,139.0,167.0,29.73,0.0,0.0,0.97
p7_det_006_crop_1.png,289.0,284.0,148.0,171.0,23.54,0.0,0.0,0.88
p7_det_006_crop_2.png,213.0,227.0,147.0,162.0,20.52,0.0,0.0,2.24
p7_det_006_crop_4.png,306.0,285.0,162.0,175.0,24.7,0.0,0.0,5.18
p7_det_007_crop_0.png,303.0,294.0,156.0,185.0,30.36,0.0,0.0,0.95
p7_det_007_crop_1.png,249.0,251.0,155.0,176.0,21.1,0.0,0.0,2.12
p7_det_007_crop_2.png,265.0,258.0,150.0,173.0,24.04,0.0,0.0,3.25
p7_det_007_crop_3.png,295.0,288.0,148.0,173.0,25.96,0.0,0.0,1.05
p7_det_007_crop_4.png,299.0,285.0,176.0,192.0,21.26,0.0,0.0,1.73
p7_det_008_crop_1.png,260.0,264.0,148.0,163.0,15.52,0.0,0.0,1.37
p7_det_008_crop_2.png,279.0,279.0,144.0,166.0,22.0,0.0,0.0,1.17
p7_det_008_crop_3.png,303.0,293.0,190.0,204.0,17.2,0.0,0.0,1.35
p7_det_008_crop_4.png,278.0,278.0,187.0,214.0,27.0,0.0,0.0,0.8
p7_det_008_crop_5.png,307.0,302.0,144.0,171.0,27.46,1.0,0.0,6.74
p7_det_008_crop_6.png,320.0,311.0,178.0,197.0,21.02,0.0,0.0,1.42
p7_det_008_crop_7.png,270.0,268.0,182.0,196.0,14.14,0.0,0.0,1.22
p7_det_009_crop_0.png,289.0,282.0,158.0,186.0,28.86,0.0,0.0,1.09
p7_det_009_crop_1.png,303.0,286.0,186.0,209.0,28.6,0.0,0.0,2.42
p7_det_009_crop_2.png,295.0,288.0,203.0,239.0,36.67,0.0,0.0,1.11
p7_det_009_crop_4.png,318.0,308.0,173.0,191.0,20.59,0.0,0.0,1.14
p7_det_009_crop_5.png,291.0,283.0,142.0,168.0,27.2,0.0,0.0,1.27
p7_det_010_crop_0.png,280.0,278.0,152.0,176.0,24.08,0.0,0.0,1.15
p7_det_010_crop_7.png,277.0,271.0,181.0,214.0,33.54,1.0,0.0,9.15
p7_det_011_crop_1.png,236.0,246.0,160.0,188.0,29.73,0.0,0.0,2.38
p7_det_011_crop_2.png,251.0,253.0,161.0,190.0,29.07,0.0,0.0,2.39
p7_det_011_crop_6.png,277.0,270.0,146.0,168.0,23.09,0.0,0.0,9.55
p7_det_012_crop_1.png,247.0,257.0,170.0,190.0,22.36,0.0,0.0,1.06
p7_det_014_crop_0.png,284.0,284.0,136.0,162.0,26.0,0.0,0.0,1.83
p7_det_014_crop_1.png,285.0,276.0,152.0,183.0,32.28,0.0,0.0,3.48
p7_det_014_crop_5.png,311.0,296.0,151.0,171.0,25.0,0.0,0.0,2.15
p7_det_016_crop_5.png,304.0,293.0,147.0,171.0,26.4,0.0,0.0,1.05
p7_det_017_crop_0.png,307.0,296.0,147.0,175.0,30.08,0.0,0.0,1.11
p7_det_017_crop_4.png,238.0,238.0,119.0,147.0,28.0,0.0,0.0,1.5
p7_det_018_crop_5.png,253.0,257.0,149.0,175.0,26.31,0.0,0.0,1.19
p7_det_020_crop_1.png,380.0,352.0,150.0,182.0,42.52,0.0,0.0,2.1
p7_det_020_crop_2.png,334.0,309.0,166.0,194.0,37.54,0.0,0.0,1.36
p7_det_021_crop_0.png,324.0,309.0,192.0,204.0,19.21,0.0,0.0,2.52
p7_det_021_crop_2.png,377.0,339.0,167.0,195.0,47.2,0.0,0.0,1.02
p7_det_022_crop_2.png,317.0,301.0,171.0,187.0,22.63,0.0,0.0,1.49
p7_det_023_crop_2.png,270.0,270.0,139.0,176.0,37.0,0.0,0.0,2.13
p7_det_025_crop_7.png,278.0,267.0,214.0,239.0,27.31,0.0,0.0,1.18
p7_det_027_crop_0.png,295.0,282.0,174.0,196.0,25.55,0.0,0.0,2.94
p7_det_027_crop_1.png,268.0,263.0,127.0,159.0,32.39,0.0,0.0,1.0
p7_det_027_crop_3.png,259.0,257.0,133.0,154.0,21.1,0.0,0.0,1.62
p7_det_029_crop_0.png,282.0,282.0,136.0,169.0,33.0,0.0,0.0,1.53
p7_det_029_crop_1.png,294.0,281.0,145.0,177.0,34.54,0.0,0.0,0.99
p7_det_030_crop_0.png,315.0,300.0,173.0,190.0,22.67,0.0,0.0,1.12
p7_det_030_crop_6.png,270.0,268.0,142.0,162.0,20.1,0.0,0.0,2.75
p7_det_031_crop_4.png,309.0,299.0,215.0,229.0,17.2,0.0,0.0,1.5
p7_det_032_crop_2.png,249.0,251.0,175.0,198.0,23.09,0.0,0.0,2.29
p7_det_033_crop_4.png,238.0,246.0,127.0,155.0,29.12,0.0,0.0,3.84
p7_det_033_crop_5.png,274.0,274.0,142.0,164.0,22.0,0.0,0.0,1.28
p7_det_034_crop_10.png,243.0,245.0,93.0,114.0,21.1,0.0,0.0,1.12
p7_det_034_crop_2.png,241.0,246.0,146.0,170.0,24.52,0.0,0.0,1.47
p7_det_034_crop_5.png,268.0,270.0,149.0,174.0,25.08,0.0,0.0,1.11
p7_det_034_crop_6.png,246.0,250.0,164.0,193.0,29.27,0.0,0.0,1.13
p7_det_035_crop_10.png,248.0,254.0,158.0,184.0,26.68,0.0,0.0,0.84
p7_det_036_crop_2.png,262.0,266.0,194.0,213.0,19.42,0.0,0.0,1.0
p7_det_036_crop_5.png,251.0,258.0,126.0,142.0,17.46,0.0,0.0,1.88
p7_det_036_crop_7.png,255.0,241.0,233.0,249.0,21.26,0.0,0.0,1.41
p7_det_038_crop_1.png,250.0,256.0,195.0,214.0,19.92,0.0,0.0,1.1
p7_det_038_crop_7.png,244.0,240.0,193.0,207.0,14.56,0.0,0.0,1.92
p7_det_039_crop_0.png,225.0,229.0,178.0,199.0,21.38,0.0,0.0,1.66
p7_det_039_crop_1.png,291.0,284.0,140.0,175.0,35.69,0.0,0.0,1.2
p7_det_039_crop_4.png,268.0,260.0,157.0,184.0,28.16,0.0,0.0,2.36
p7_det_040_crop_1.png,291.0,273.0,171.0,193.0,28.43,0.0,0.0,1.08
p7_det_040_crop_5.png,289.0,293.0,131.0,156.0,25.32,0.0,0.0,1.17
p7_det_042_crop_3.png,223.0,240.0,184.0,195.0,20.25,0.0,0.0,1.54
p7_det_043_crop_0.png,210.0,224.0,177.0,197.0,24.41,0.0,0.0,1.18
p7_det_045_crop_5.png,274.0,256.0,180.0,192.0,21.63,0.0,0.0,2.47
p7_det_046_crop_1.png,233.0,240.0,172.0,206.0,34.71,0.0,0.0,1.92
p7_det_048_crop_4.png,222.0,229.0,161.0,180.0,20.25,0.0,0.0,1.14
p7_det_048_crop_8.png,240.0,242.0,135.0,158.0,23.09,0.0,0.0,3.48
p7_det_049_crop_2.png,255.0,255.0,170.0,202.0,32.0,0.0,0.0,4.41
p7_det_049_crop_6.png,250.0,250.0,134.0,151.0,17.0,0.0,0.0,0.28
p7_det_050_crop_0.png,313.0,283.0,167.0,199.0,43.86,0.0,0.0,2.73
p7_det_050_crop_3.png,321.0,303.0,166.0,183.0,24.76,0.0,0.0,1.98
p7_det_051_crop_14.png,242.0,244.0,196.0,224.0,28.07,0.0,0.0,5.46
p7_det_053_crop_0.png,226.0,250.0,171.0,202.0,39.2,0.0,0.0,4.45
p7_det_053_crop_10.png,196.0,206.0,185.0,210.0,26.93,0.0,0.0,1.01
p7_det_053_crop_11.png,237.0,235.0,188.0,217.0,29.07,0.0,0.0,1.12
p7_det_054_crop_7.png,228.0,226.0,210.0,235.0,25.08,0.0,0.0,0.87
p7_det_059_crop_5.png,239.0,243.0,156.0,177.0,21.38,0.0,0.0,1.31
p7_det_062_crop_2.png,228.0,226.0,137.0,163.0,26.08,0.0,0.0,1.02
p7_det_065_crop_9.png,271.0,255.0,143.0,167.0,28.84,0.0,0.0,1.83
p7_det_066_crop_3.png,339.0,315.0,193.0,207.0,27.78,0.0,0.0,1.17
p7_det_068_crop_3.png,295.0,278.0,197.0,208.0,20.25,0.0,0.0,2.09
p7_det_084_crop_4.png,286.0,277.0,134.0,173.0,40.02,0.0,0.0,1.4
p7_det_086_crop_2.png,266.0,262.0,150.0,173.0,23.35,0.0,0.0,0.9
p7_det_089_crop_1.png,250.0,246.0,118.0,144.0,26.31,0.0,0.0,0.95
p7_det_089_crop_2.png,256.0,254.0,129.0,143.0,14.14,0.0,0.0,0.89
p7_det_091_crop_1.png,248.0,244.0,116.0,143.0,27.29,0.0,0.0,0.87
p7_det_092_crop_2.png,179.0,185.0,132.0,155.0,23.77,0.0,0.0,2.1
p7_det_092_crop_3.png,198.0,198.0,153.0,167.0,14.0,0.0,0.0,1.89
p8_det_002_crop_0.png,292.0,292.0,125.0,178.0,53.0,0.0,0.0,4.15
p8_det_002_crop_1.png,227.0,253.0,133.0,171.0,46.04,0.0,0.0,1.02
p8_det_002_crop_2.png,237.0,240.0,149.0,191.0,42.11,0.0,0.0,1.0
p8_det_002_crop_3.png,211.0,225.0,110.0,143.0,35.85,0.0,0.0,2.53
p8_det_003_crop_2.png,263.0,259.0,132.0,174.0,42.19,0.0,0.0,2.3
p8_det_003_crop_6.png,226.0,233.0,162.0,196.0,34.71,0.0,0.0,0.72
p8_det_005_crop_0.png,222.0,244.0,146.0,172.0,34.06,0.0,0.0,1.77
p8_det_005_crop_1.png,245.0,243.0,128.0,176.0,48.04,0.0,0.0,1.72
p8_det_006_crop_1.png,282.0,257.0,175.0,198.0,33.97,0.0,0.0,1.52
p8_det_006_crop_3.png,235.0,240.0,163.0,185.0,22.56,0.0,0.0,1.81
p8_det_007_crop_0.png,254.0,250.0,158.0,190.0,32.25,0.0,0.0,1.13
p8_det_007_crop_4.png,262.0,272.0,149.0,191.0,43.17,0.0,0.0,1.41
p8_det_008_crop_0.png,284.0,271.0,175.0,198.0,26.42,0.0,0.0,1.18
p8_det_008_crop_1.png,243.0,243.0,153.0,185.0,32.0,0.0,0.0,1.25
p8_det_008_crop_3.png,276.0,270.0,150.0,178.0,28.64,0.0,0.0,1.1
p8_det_008_crop_4.png,252.0,261.0,135.0,159.0,25.63,0.0,0.0,1.01
p8_det_009_crop_0.png,272.0,267.0,171.0,198.0,27.46,0.0,0.0,1.45
p8_det_009_crop_1.png,243.0,245.0,157.0,185.0,28.07,0.0,0.0,2.29
p8_det_009_crop_4.png,265.0,267.0,129.0,162.0,33.06,0.0,0.0,1.54
p8_det_010_crop_0.png,257.0,253.0,154.0,187.0,33.24,0.0,0.0,1.9
p8_det_010_crop_1.png,289.0,273.0,173.0,200.0,31.38,0.0,0.0,1.2
p8_det_010_crop_3.png,278.0,269.0,148.0,175.0,28.46,0.0,0.0,1.11
p8_det_010_crop_4.png,277.0,273.0,129.0,161.0,32.25,0.0,0.0,2.34
p8_det_011_crop_0.png,270.0,268.0,138.0,171.0,33.06,0.0,0.0,2.76
p8_det_011_crop_2.png,257.0,253.0,149.0,176.0,27.29,0.0,0.0,0.87
p8_det_012_crop_0.png,298.0,276.0,145.0,171.0,34.06,0.0,0.0,2.2
p8_det_012_crop_1.png,299.0,279.0,175.0,189.0,24.41,0.0,0.0,1.94
p8_det_012_crop_2.png,265.0,262.0,144.0,172.0,28.16,0.0,0.0,1.31
p8_det_013_crop_0.png,283.0,274.0,156.0,183.0,28.46,0.0,0.0,0.86
p8_det_013_crop_1.png,283.0,267.0,135.0,171.0,39.4,1.0,0.0,7.61
p8_det_013_crop_2.png,256.0,254.0,140.0,167.0,27.07,0.0,0.0,1.3
p8_det_015_crop_1.png,298.0,274.0,147.0,177.0,38.42,0.0,0.0,1.72
p8_det_015_crop_2.png,276.0,268.0,175.0,194.0,20.62,0.0,0.0,2.01
p8_det_015_crop_3.png,287.0,275.0,148.0,178.0,32.31,0.0,0.0,0.92
p8_det_016_crop_0.png,248.0,254.0,167.0,205.0,38.47,0.0,0.0,2.05
p8_det_016_crop_1.png,266.0,256.0,150.0,198.0,49.03,1.0,1.0,17.15
p8_det_018_crop_1.png,302.0,285.0,226.0,238.0,20.81,0.0,0.0,2.68
p8_det_018_crop_3.png,249.0,247.0,176.0,200.0,24.08,0.0,0.0,2.14
p8_det_019_crop_0.png,285.0,272.0,233.0,249.0,20.62,0.0,0.0,1.11
p8_det_019_crop_2.png,252.0,252.0,221.0,247.0,26.0,0.0,0.0,1.14
p8_det_020_crop_0.png,239.0,252.0,195.0,215.0,23.85,0.0,0.0,1.3
p8_det_020_crop_3.png,293.0,275.0,201.0,218.0,24.76,0.0,0.0,1.15
p8_det_021_crop_0.png,291.0,280.0,138.0,175.0,38.6,0.0,0.0,1.41
p8_det_021_crop_4.png,228.0,228.0,152.0,186.0,34.0,0.0,0.0,1.16
p8_det_023_crop_1.png,258.0,264.0,143.0,184.0,41.44,0.0,0.0,1.13
p8_det_023_crop_2.png,247.0,246.0,160.0,197.0,37.01,1.0,0.0,8.57
p8_det_023_crop_3.png,265.0,263.0,125.0,164.0,39.05,1.0,0.0,4.42
p8_det_023_crop_4.png,222.0,239.0,134.0,167.0,37.12,1.0,1.0,6.53
p8_det_024_crop_0.png,262.0,270.0,145.0,184.0,39.81,0.0,0.0,1.04
p8_det_024_crop_2.png,245.0,251.0,160.0,195.0,35.51,0.0,0.0,1.16
p8_det_024_crop_3.png,282.0,274.0,128.0,168.0,40.79,0.0,0.0,1.2
p8_det_024_crop_4.png,231.0,240.0,135.0,164.0,30.36,1.0,0.0,10.35
p8_det_025_crop_0.png,264.0,264.0,153.0,180.0,27.0,0.0,0.0,1.92
p8_det_025_crop_1.png,269.0,269.0,157.0,197.0,40.0,0.0,0.0,0.88
p8_det_026_crop_0.png,238.0,244.0,189.0,213.0,24.74,0.0,0.0,1.26
p8_det_027_crop_1.png,265.0,265.0,138.0,174.0,36.0,0.0,0.0,0.98
p8_det_027_crop_3.png,220.0,220.0,145.0,182.0,37.0,0.0,0.0,0.97
p8_det_027_crop_5.png,234.0,250.0,181.0,201.0,25.61,0.0,0.0,1.0
p8_det_029_crop_0.png,254.0,256.0,165.0,194.0,29.07,0.0,0.0,0.9
p8_det_029_crop_1.png,269.0,271.0,141.0,176.0,35.06,0.0,0.0,1.27
p8_det_029_crop_2.png,240.0,256.0,210.0,231.0,26.4,0.0,0.0,1.49
p8_det_029_crop_3.png,242.0,240.0,149.0,176.0,27.07,0.0,0.0,1.13
p8_det_029_crop_4.png,227.0,243.0,191.0,209.0,24.08,0.0,0.0,1.08
p8_det_030_crop_0.png,257.0,257.0,164.0,192.0,28.0,0.0,0.0,0.92
p8_det_030_crop_1.png,265.0,266.0,147.0,174.0,27.02,0.0,0.0,1.76
p8_det_030_crop_2.png,243.0,259.0,211.0,229.0,24.08,0.0,0.0,1.98
p8_det_030_crop_3.png,238.0,238.0,148.0,167.0,19.0,0.0,0.0,1.09
p8_det_030_crop_4.png,229.0,240.0,188.0,207.0,21.95,0.0,0.0,1.0
p8_det_031_crop_1.png,254.0,266.0,143.0,177.0,36.06,0.0,0.0,1.58
p8_det_031_crop_3.png,212.0,231.0,194.0,211.0,25.5,0.0,0.0,1.27
p8_det_032_crop_0.png,254.0,260.0,146.0,176.0,30.59,0.0,0.0,1.05
p8_det_034_crop_0.png,224.0,241.0,223.0,248.0,30.23,0.0,0.0,1.14
p8_det_034_crop_2.png,267.0,269.0,202.0,236.0,34.06,0.0,0.0,3.24
p8_det_035_crop_1.png,269.0,267.0,204.0,237.0,33.06,0.0,0.0,1.16
p9_det_002_crop_0.png,258.0,258.0,179.0,209.0,30.0,0.0,0.0,0.87
p9_det_003_crop_0.png,254.0,257.0,173.0,205.0,32.14,0.0,0.0,1.56
p9_det_006_crop_0.png,275.0,262.0,159.0,192.0,35.47,0.0,0.0,2.03
p9_det_006_crop_1.png,251.0,254.0,165.0,199.0,34.13,0.0,0.0,1.91
p9_det_007_crop_0.png,251.0,248.0,171.0,198.0,27.17,0.0,0.0,2.45
p9_det_007_crop_1.png,276.0,264.0,152.0,185.0,35.11,0.0,0.0,1.05
p9_det_008_crop_0.png,259.0,253.0,170.0,192.0,22.8,0.0,0.0,1.02
p9_det_011_crop_0.png,304.0,286.0,142.0,178.0,40.25,0.0,0.0,0.98
p9_det_011_crop_3.png,252.0,252.0,154.0,210.0,56.0,1.0,0.0,9.16
p9_det_011_crop_5.png,258.0,261.0,158.0,186.0,28.16,0.0,0.0,1.29
p9_det_012_crop_0.png,311.0,287.0,151.0,181.0,38.42,0.0,0.0,1.2
p9_det_012_crop_2.png,254.0,250.0,160.0,208.0,48.17,1.0,1.0,9.09
p9_det_012_crop_3.png,279.0,263.0,171.0,197.0,30.53,0.0,0.0,2.54
p9_det_012_crop_6.png,273.0,267.0,163.0,195.0,32.56,0.0,0.0,1.22
p9_det_013_crop_0.png,298.0,284.0,169.0,191.0,26.08,0.0,0.0,1.05
p9_det_013_crop_1.png,281.0,275.0,154.0,178.0,24.74,0.0,0.0,1.28
p9_det_014_crop_1.png,284.0,275.0,152.0,176.0,25.63,0.0,0.0,0.86
p9_det_014_crop_2.png,293.0,280.0,153.0,189.0,38.28,0.0,0.0,0.96
p9_det_015_crop_0.png,271.0,271.0,164.0,183.0,19.0,0.0,0.0,1.65
p9_det_015_crop_1.png,263.0,254.0,129.0,165.0,37.11,0.0,0.0,1.43
p9_det_015_crop_2.png,276.0,266.0,163.0,186.0,25.08,0.0,0.0,1.35
p9_det_015_crop_4.png,304.0,282.0,153.0,183.0,37.2,0.0,0.0,3.57
p9_det_016_crop_0.png,189.0,209.0,192.0,212.0,28.28,0.0,0.0,0.82
p9_det_016_crop_1.png,195.0,217.0,154.0,174.0,29.73,0.0,0.0,2.35
p9_det_016_crop_2.png,224.0,231.0,170.0,193.0,24.04,0.0,0.0,1.17
p9_det_016_crop_3.png,225.0,243.0,178.0,211.0,37.59,0.0,0.0,0.95
p9_det_016_crop_4.png,245.0,259.0,175.0,197.0,26.08,0.0,0.0,0.87
p9_det_017_crop_0.png,249.0,251.0,164.0,195.0,31.06,0.0,0.0,1.51
p9_det_018_crop_1.png,245.0,256.0,164.0,197.0,34.79,0.0,0.0,2.82
p9_det_018_crop_2.png,224.0,232.0,141.0,174.0,33.96,0.0,0.0,2.9
p9_det_019_crop_3.png,232.0,236.0,115.0,145.0,30.27,0.0,0.0,1.08
p9_det_020_crop_2.png,234.0,237.0,124.0,152.0,28.16,0.0,0.0,1.13
p9_det_021_crop_1.png,220.0,237.0,138.0,185.0,49.98,1.0,1.0,10.81
p9_det_021_crop_3.png,231.0,231.0,112.0,140.0,28.0,0.0,0.0,0.67
p9_det_024_crop_1.png,245.0,245.0,156.0,183.0,27.0,0.0,0.0,1.11
p9_det_024_crop_4.png,235.0,228.0,131.0,162.0,31.78,0.0,0.0,3.06
p9_det_026_crop_0.png,236.0,242.0,172.0,208.0,36.5,0.0,0.0,1.19
p9_det_027_crop_1.png,306.0,291.0,196.0,214.0,23.43,0.0,0.0,1.44
p9_det_027_crop_2.png,264.0,262.0,159.0,209.0,50.04,0.0,0.0,1.84
p9_det_030_crop_2.png,254.0,247.0,162.0,177.0,16.55,0.0,0.0,1.43
p9_det_031_crop_1.png,203.0,222.0,158.0,185.0,33.02,0.0,0.0,1.71
p9_det_031_crop_5.png,261.0,250.0,138.0,167.0,31.02,0.0,0.0,1.99
p9_det_034_crop_2.png,247.0,242.0,141.0,172.0,31.4,0.0,0.0,1.11
p9_det_034_crop_3.png,237.0,245.0,151.0,184.0,33.96,0.0,0.0,2.28
p9_det_035_crop_4.png,231.0,240.0,158.0,195.0,38.08,0.0,0.0,2.35
p9_det_035_crop_7.png,252.0,238.0,115.0,150.0,37.7,0.0,0.0,1.11
p9_det_036_crop_1.png,214.0,228.0,170.0,202.0,34.93,0.0,0.0,1.19
p9_det_036_crop_3.png,234.0,242.0,136.0,169.0,33.96,0.0,0.0,2.37
p9_det_036_crop_6.png,250.0,233.0,117.0,148.0,35.36,0.0,0.0,1.03
p9_det_037_crop_0.png,234.0,240.0,146.0,176.0,30.59,0.0,0.0,1.74
p9_det_037_crop_2.png,242.0,240.0,163.0,190.0,27.07,0.0,0.0,3.47
p9_det_037_crop_3.png,253.0,246.0,140.0,167.0,27.89,0.0,0.0,4.84
p9_det_038_crop_0.png,253.0,249.0,140.0,177.0,37.22,0.0,0.0,1.45
p9_det_038_crop_2.png,246.0,246.0,164.0,190.0,26.0,0.0,0.0,1.09
p9_det_038_crop_3.png,249.0,244.0,141.0,170.0,29.4279,0.0,0.0,1.06
